date,fund,asset_class,type,amount
2018-01-26,설악 바이아웃 1호,사모벤처,약정,160
2018-02-26,태백 세컨더리 2호,사모벤처,약정,210
2018-03-03,해운대 물류 1호,부동산,약정,150
2018-03-19,설악 바이아웃 1호,사모벤처,집행,5
2018-04-05,서해 에너지 1호,인프라,약정,130
2018-04-11,해운대 물류 1호,부동산,집행,7
2018-05-11,태백 세컨더리 2호,사모벤처,집행,14
2018-05-20,설악 바이아웃 1호,사모벤처,집행,8
2018-05-24,해운대 물류 1호,부동산,집행,5
2018-06-16,태백 세컨더리 2호,사모벤처,집행,6
2018-07-08,서해 에너지 1호,인프라,집행,5
2018-07-12,설악 바이아웃 1호,사모벤처,집행,8
2018-08-07,영남 교통 2호,인프라,약정,170
2018-09-09,판교 코어플러스 2호,부동산,약정,90
2018-09-12,백두 벤처 3호,사모벤처,약정,210
2018-09-21,태백 세컨더리 2호,사모벤처,집행,11
2018-09-27,서해 에너지 1호,인프라,집행,6
2018-10-08,태백 세컨더리 2호,사모벤처,집행,6
2018-10-11,백두 벤처 3호,사모벤처,집행,5
2018-10-20,송도 리츠 3호,부동산,약정,160
2018-10-21,해운대 물류 1호,부동산,집행,32
2018-11-03,설악 바이아웃 1호,사모벤처,집행,7
2018-11-14,영남 교통 2호,인프라,집행,5
2018-11-15,해운대 물류 1호,부동산,집행,8
2018-11-21,송도 리츠 3호,부동산,집행,9
2018-12-03,백두 벤처 3호,사모벤처,집행,10
2018-12-08,태백 세컨더리 2호,사모벤처,집행,13
2018-12-11,송도 리츠 3호,부동산,집행,5
2018-12-19,한라 메자닌 4호,사모벤처,약정,220
2019-01-03,송도 리츠 3호,부동산,집행,9
2019-01-13,영남 교통 2호,인프라,집행,9
2019-01-15,백두 벤처 3호,사모벤처,집행,6
2019-02-04,판교 코어플러스 2호,부동산,집행,8
2019-02-04,한라 메자닌 4호,사모벤처,집행,10
2019-02-11,서해 에너지 1호,인프라,집행,17
2019-02-12,태백 세컨더리 2호,사모벤처,집행,12
2019-02-16,영남 교통 2호,인프라,집행,5
2019-03-03,한라 메자닌 4호,사모벤처,집행,5
2019-03-10,백두 벤처 3호,사모벤처,집행,9
2019-03-21,지리 미드캡 5호,사모벤처,약정,260
2019-04-07,백두 벤처 3호,사모벤처,집행,5
2019-04-09,오대 스페셜시츄에이션 6호,사모벤처,약정,390
2019-04-09,설악 바이아웃 1호,사모벤처,집행,15
2019-04-10,한라 메자닌 4호,사모벤처,집행,6
2019-04-18,송도 리츠 3호,부동산,집행,22
2019-04-21,남산 오피스 4호,부동산,약정,230
2019-04-26,영남 교통 2호,인프라,집행,8
2019-05-06,오대 스페셜시츄에이션 6호,사모벤처,집행,10
2019-05-07,해운대 물류 1호,부동산,집행,36
2019-05-09,백두 벤처 3호,사모벤처,집행,6
2019-05-11,남산 오피스 4호,부동산,집행,8
2019-05-11,설악 바이아웃 1호,사모벤처,집행,5
2019-05-14,송도 리츠 3호,부동산,집행,6
2019-05-16,한강 그로스 7호,사모벤처,약정,350
2019-05-17,판교 코어플러스 2호,부동산,집행,13
2019-05-18,한라 메자닌 4호,사모벤처,집행,5
2019-05-21,서해 에너지 1호,인프라,집행,5
2019-05-24,호남 데이터센터 3호,인프라,약정,130
2019-06-07,해운대 물류 5호,부동산,약정,170
2019-06-07,한강 그로스 7호,사모벤처,집행,6
2019-06-18,남산 오피스 4호,부동산,집행,13
2019-06-19,태백 세컨더리 2호,사모벤처,집행,25
2019-06-24,백두 벤처 3호,사모벤처,집행,7
2019-06-25,오대 스페셜시츄에이션 6호,사모벤처,집행,9
2019-06-27,송도 리츠 3호,부동산,집행,8
2019-06-27,한라 메자닌 4호,사모벤처,집행,5
2019-07-04,송도 리츠 3호,부동산,집행,8
2019-07-08,지리 미드캡 5호,사모벤처,집행,29
2019-07-11,영남 교통 2호,인프라,집행,5
2019-07-13,판교 코어플러스 2호,부동산,집행,9
2019-07-14,호남 데이터센터 3호,인프라,집행,6
2019-07-17,해운대 물류 1호,부동산,집행,5
2019-07-19,태백 세컨더리 2호,사모벤처,집행,6
2019-07-24,한라 메자닌 4호,사모벤처,집행,5
2019-07-27,백두 벤처 3호,사모벤처,집행,5
2019-08-07,남산 오피스 4호,부동산,집행,19
2019-08-07,영남 교통 2호,인프라,집행,5
2019-08-11,설악 바이아웃 1호,사모벤처,집행,9
2019-08-18,송도 리츠 3호,부동산,집행,7
2019-08-18,지리 미드캡 5호,사모벤처,집행,5
2019-08-21,오대 스페셜시츄에이션 6호,사모벤처,집행,22
2019-09-05,오대 스페셜시츄에이션 6호,사모벤처,집행,12
2019-09-06,판교 코어플러스 2호,부동산,집행,5
2019-09-08,지리 미드캡 5호,사모벤처,집행,5
2019-09-09,설악 바이아웃 1호,사모벤처,집행,5
2019-09-10,한라 메자닌 4호,사모벤처,집행,13
2019-09-12,서해 에너지 1호,인프라,집행,14
2019-09-18,한강 그로스 7호,사모벤처,집행,28
2019-09-21,해운대 물류 5호,부동산,집행,25
2019-09-22,영남 교통 2호,인프라,집행,5
2019-10-03,오대 스페셜시츄에이션 6호,사모벤처,집행,10
2019-10-03,태백 세컨더리 2호,사모벤처,집행,16
2019-10-19,해운대 물류 5호,부동산,집행,10
2019-10-20,동해 신재생 4호,인프라,약정,170
2019-10-21,한라 메자닌 4호,사모벤처,집행,5
2019-10-24,설악 바이아웃 1호,사모벤처,집행,5
2019-10-27,한강 그로스 7호,사모벤처,집행,8
2019-11-05,백두 벤처 3호,사모벤처,집행,17
2019-11-06,남산 오피스 4호,부동산,집행,31
2019-11-08,한라 메자닌 4호,사모벤처,집행,7
2019-11-12,태백 세컨더리 2호,사모벤처,집행,5
2019-11-17,송도 리츠 3호,부동산,집행,20
2019-11-18,한강 그로스 7호,사모벤처,집행,9
2019-11-21,오대 스페셜시츄에이션 6호,사모벤처,집행,8
2019-12-03,판교 코어플러스 2호,부동산,집행,5
2019-12-04,동해 신재생 4호,인프라,집행,7
2019-12-08,남산 오피스 4호,부동산,집행,8
2019-12-15,송도 리츠 3호,부동산,집행,6
2019-12-15,한강 그로스 7호,사모벤처,집행,9
2019-12-17,백두 벤처 3호,사모벤처,집행,6
2019-12-24,한라 메자닌 4호,사모벤처,집행,5
2019-12-26,해운대 물류 1호,부동산,집행,13
2019-12-27,오대 스페셜시츄에이션 6호,사모벤처,집행,10
2020-01-07,백두 벤처 3호,사모벤처,집행,6
2020-01-12,호남 데이터센터 3호,인프라,집행,7
2020-01-15,설악 바이아웃 8호,사모벤처,약정,310
2020-01-22,해운대 물류 1호,부동산,집행,5
2020-01-24,동해 신재생 4호,인프라,집행,5
2020-01-24,지리 미드캡 5호,사모벤처,집행,22
2020-01-25,남산 오피스 4호,부동산,집행,13
2020-01-27,송도 리츠 3호,부동산,집행,5
2020-02-03,백두 벤처 3호,사모벤처,집행,7
2020-02-05,송도 리츠 3호,부동산,집행,5
2020-02-11,한라 메자닌 4호,사모벤처,집행,14
2020-02-11,해운대 물류 5호,부동산,집행,27
2020-02-16,설악 바이아웃 8호,사모벤처,집행,8
2020-02-16,지리 미드캡 5호,사모벤처,집행,8
2020-02-19,태백 세컨더리 9호,사모벤처,약정,360
2020-02-19,영남 교통 2호,인프라,집행,9
2020-02-20,동해 신재생 4호,인프라,집행,5
2020-02-24,태백 세컨더리 2호,사모벤처,집행,15
2020-03-11,한라 메자닌 4호,사모벤처,집행,8
2020-03-11,해운대 물류 1호,부동산,집행,10
2020-03-12,호남 데이터센터 3호,인프라,집행,7
2020-03-13,태백 세컨더리 9호,사모벤처,집행,7
2020-03-22,백두 벤처 3호,사모벤처,집행,6
2020-03-22,서해 에너지 1호,인프라,집행,11
2020-03-23,영남 교통 2호,인프라,집행,5
2020-03-25,오대 스페셜시츄에이션 6호,사모벤처,집행,30
2020-03-26,지리 미드캡 5호,사모벤처,집행,7
2020-03-27,설악 바이아웃 8호,사모벤처,집행,9
2020-04-09,한강 그로스 7호,사모벤처,집행,38
2020-04-14,백두 벤처 3호,사모벤처,집행,6
2020-04-21,판교 코어플러스 2호,부동산,집행,5
2020-04-25,설악 바이아웃 1호,사모벤처,집행,8
2020-05-03,송도 리츠 3호,부동산,집행,6
2020-05-08,오대 스페셜시츄에이션 6호,사모벤처,집행,17
2020-05-10,백두 벤처 10호,사모벤처,약정,210
2020-05-10,백두 벤처 3호,사모벤처,집행,7
2020-05-11,태백 세컨더리 2호,사모벤처,집행,7
2020-05-11,한강 그로스 7호,사모벤처,집행,7
2020-05-13,태백 세컨더리 9호,사모벤처,집행,18
2020-05-13,한라 메자닌 4호,사모벤처,집행,13
2020-05-17,영남 교통 2호,인프라,집행,7
2020-05-18,해운대 물류 5호,부동산,집행,27
2020-06-03,태백 세컨더리 9호,사모벤처,집행,8
2020-06-06,지리 미드캡 5호,사모벤처,집행,21
2020-06-09,설악 바이아웃 8호,사모벤처,집행,26
2020-06-12,해운대 물류 5호,부동산,집행,6
2020-06-23,한강 그로스 7호,사모벤처,집행,12
2020-06-25,한라 메자닌 4호,사모벤처,집행,6
2020-06-26,동해 신재생 4호,인프라,집행,6
2020-07-04,영남 교통 2호,인프라,집행,9
2020-07-05,한라 메자닌 4호,사모벤처,집행,8
2020-07-07,태백 세컨더리 9호,사모벤처,집행,7
2020-07-12,서해 에너지 5호,인프라,약정,170
2020-07-13,지리 미드캡 5호,사모벤처,집행,9
2020-07-17,백두 벤처 3호,사모벤처,집행,11
2020-07-21,판교 코어플러스 6호,부동산,약정,260
2020-08-03,판교 코어플러스 6호,부동산,집행,9
2020-08-05,호남 데이터센터 3호,인프라,집행,6
2020-08-06,태백 세컨더리 9호,사모벤처,집행,10
2020-08-08,오대 스페셜시츄에이션 6호,사모벤처,집행,28
2020-08-09,영남 교통 2호,인프라,분배,3
2020-08-10,백두 벤처 10호,사모벤처,집행,15
2020-08-11,해운대 물류 5호,부동산,집행,5
2020-08-12,태백 세컨더리 2호,사모벤처,집행,5
2020-08-15,동해 신재생 4호,인프라,집행,5
2020-08-15,판교 코어플러스 2호,부동산,집행,7
2020-08-17,송도 리츠 7호,부동산,약정,190
2020-08-20,한라 메자닌 11호,사모벤처,약정,260
2020-08-20,지리 미드캡 5호,사모벤처,집행,6
2020-08-24,설악 바이아웃 1호,사모벤처,집행,5
2020-08-25,서해 에너지 1호,인프라,분배,3
2020-09-03,태백 세컨더리 2호,사모벤처,분배,6
2020-09-05,한라 메자닌 4호,사모벤처,집행,5
2020-09-07,판교 코어플러스 6호,부동산,집행,15
2020-09-08,송도 리츠 3호,부동산,집행,9
2020-09-08,한라 메자닌 11호,사모벤처,집행,5
2020-09-10,남산 오피스 4호,부동산,집행,66
2020-09-19,지리 미드캡 5호,사모벤처,집행,8
2020-09-20,동해 신재생 4호,인프라,집행,5
2020-09-21,송도 리츠 7호,부동산,집행,8
2020-09-21,오대 스페셜시츄에이션 6호,사모벤처,집행,9
2020-09-24,설악 바이아웃 8호,사모벤처,집행,26
2020-09-26,태백 세컨더리 9호,사모벤처,집행,11
2020-10-10,영남 교통 2호,인프라,분배,3
2020-10-14,태백 세컨더리 9호,사모벤처,집행,9
2020-10-15,백두 벤처 3호,사모벤처,집행,19
2020-10-16,설악 바이아웃 8호,사모벤처,집행,8
2020-10-22,판교 코어플러스 6호,부동산,집행,11
2020-10-23,송도 리츠 7호,부동산,집행,7
2020-10-23,한라 메자닌 11호,사모벤처,집행,5
2020-10-23,해운대 물류 5호,부동산,집행,10
2020-10-24,남산 오피스 4호,부동산,집행,8
2020-10-26,태백 세컨더리 2호,사모벤처,분배,4
2020-10-26,송도 리츠 3호,부동산,집행,5
2020-11-03,서해 에너지 5호,인프라,집행,9
2020-11-03,설악 바이아웃 1호,사모벤처,집행,9
2020-11-03,오대 스페셜시츄에이션 6호,사모벤처,집행,22
2020-11-04,송도 리츠 7호,부동산,집행,11
2020-11-06,한라 메자닌 11호,사모벤처,집행,5
2020-11-07,남산 오피스 4호,부동산,집행,6
2020-11-08,태백 세컨더리 9호,사모벤처,집행,6
2020-11-10,영남 교통 2호,인프라,분배,3
2020-11-12,설악 바이아웃 8호,사모벤처,집행,9
2020-11-13,태백 세컨더리 2호,사모벤처,분배,3
2020-11-14,한강 그로스 7호,사모벤처,집행,46
2020-11-16,판교 코어플러스 6호,부동산,집행,13
2020-11-21,해운대 물류 5호,부동산,집행,6
2020-11-26,설악 바이아웃 1호,사모벤처,분배,3
2020-12-04,지리 미드캡 5호,사모벤처,집행,21
2020-12-04,한라 메자닌 11호,사모벤처,집행,5
2020-12-04,한라 메자닌 4호,사모벤처,집행,19
2020-12-06,백두 벤처 10호,사모벤처,집행,11
2020-12-07,영남 교통 2호,인프라,집행,12
2020-12-10,남산 오피스 4호,부동산,집행,6
2020-12-14,영남 교통 6호,인프라,약정,180
2020-12-14,판교 코어플러스 6호,부동산,집행,13
2020-12-21,동해 신재생 4호,인프라,집행,7
2020-12-24,태백 세컨더리 2호,사모벤처,분배,10
2020-12-25,설악 바이아웃 8호,사모벤처,집행,8
2020-12-25,송도 리츠 7호,부동산,집행,9
2020-12-27,태백 세컨더리 9호,사모벤처,집행,7
2021-01-03,판교 코어플러스 6호,부동산,집행,14
2021-01-05,태백 세컨더리 9호,사모벤처,집행,9
2021-01-06,남산 오피스 4호,부동산,집행,8
2021-01-09,지리 미드캡 5호,사모벤처,집행,8
2021-01-12,백두 벤처 3호,사모벤처,집행,8
2021-01-14,설악 바이아웃 8호,사모벤처,집행,8
2021-01-15,호남 데이터센터 7호,인프라,약정,160
2021-01-15,송도 리츠 7호,부동산,집행,9
2021-01-16,호남 데이터센터 3호,인프라,집행,8
2021-01-19,서해 에너지 5호,인프라,집행,9
2021-01-20,해운대 물류 5호,부동산,집행,10
2021-01-21,한강 그로스 7호,사모벤처,집행,14
2021-01-27,남산 오피스 4호,부동산,분배,3
2021-02-12,지리 미드캡 12호,사모벤처,약정,360
2021-02-12,백두 벤처 10호,사모벤처,집행,5
2021-02-17,태백 세컨더리 9호,사모벤처,집행,8
2021-02-18,남산 오피스 4호,부동산,분배,3
2021-02-18,오대 스페셜시츄에이션 6호,사모벤처,집행,33
2021-02-18,지리 미드캡 5호,사모벤처,집행,7
2021-02-18,태백 세컨더리 2호,사모벤처,집행,12
2021-02-19,한강 그로스 7호,사모벤처,집행,10
2021-02-23,해운대 물류 5호,부동산,집행,5
2021-02-24,영남 교통 6호,인프라,집행,5
2021-02-26,동해 신재생 4호,인프라,집행,9
2021-02-27,송도 리츠 7호,부동산,집행,7
2021-03-03,판교 코어플러스 6호,부동산,집행,22
2021-03-05,영남 교통 2호,인프라,집행,6
2021-03-06,한라 메자닌 11호,사모벤처,집행,20
2021-03-09,지리 미드캡 5호,사모벤처,집행,6
2021-03-10,서해 에너지 5호,인프라,집행,9
2021-03-15,한강 그로스 7호,사모벤처,집행,8
2021-03-16,지리 미드캡 12호,사모벤처,집행,10
2021-03-16,판교 코어플러스 2호,부동산,집행,5
2021-03-20,남산 오피스 4호,부동산,분배,3
2021-03-20,동해 신재생 8호,인프라,약정,150
2021-03-21,한라 메자닌 4호,사모벤처,집행,12
2021-03-22,태백 세컨더리 9호,사모벤처,집행,7
2021-03-25,백두 벤처 3호,사모벤처,집행,8
2021-04-07,호남 데이터센터 7호,인프라,집행,12
2021-04-08,한강 그로스 7호,사모벤처,집행,10
2021-04-12,판교 코어플러스 6호,부동산,집행,14
2021-04-22,서해 에너지 1호,인프라,집행,9
2021-04-24,백두 벤처 10호,사모벤처,집행,6
2021-04-24,태백 세컨더리 9호,사모벤처,집행,12
2021-04-25,지리 미드캡 5호,사모벤처,집행,6
2021-04-25,한라 메자닌 11호,사모벤처,집행,5
2021-04-26,설악 바이아웃 8호,사모벤처,집행,22
2021-04-26,송도 리츠 7호,부동산,집행,18
2021-04-27,남산 오피스 4호,부동산,집행,20
2021-04-27,지리 미드캡 12호,사모벤처,집행,8
2021-05-05,한라 메자닌 11호,사모벤처,집행,7
2021-05-05,한라 메자닌 4호,사모벤처,집행,8
2021-05-07,남산 오피스 8호,부동산,약정,240
2021-05-07,영남 교통 6호,인프라,집행,8
2021-05-08,해운대 물류 5호,부동산,집행,12
2021-05-10,설악 바이아웃 8호,사모벤처,집행,10
2021-05-13,태백 세컨더리 2호,사모벤처,집행,6
2021-05-15,백두 벤처 10호,사모벤처,집행,5
2021-05-16,오대 스페셜시츄에이션 6호,사모벤처,집행,29
2021-05-18,지리 미드캡 12호,사모벤처,집행,10
2021-05-19,판교 코어플러스 6호,부동산,집행,14
2021-05-22,남산 오피스 4호,부동산,분배,3
2021-05-22,서해 에너지 5호,인프라,집행,5
2021-06-06,송도 리츠 7호,부동산,집행,18
2021-06-09,설악 바이아웃 8호,사모벤처,집행,8
2021-06-14,태백 세컨더리 2호,사모벤처,분배,7
2021-06-16,백두 벤처 10호,사모벤처,집행,7
2021-06-16,오대 스페셜시츄에이션 6호,사모벤처,집행,9
2021-06-17,백두 벤처 3호,사모벤처,분배,11
2021-06-18,해운대 물류 5호,부동산,분배,3
2021-06-18,동해 신재생 4호,인프라,집행,13
2021-06-22,오대 스페셜시츄에이션 13호,사모벤처,약정,330
2021-06-23,남산 오피스 8호,부동산,집행,12
2021-06-25,영남 교통 2호,인프라,분배,3
2021-06-26,지리 미드캡 12호,사모벤처,집행,8
2021-07-03,호남 데이터센터 7호,인프라,집행,13
2021-07-06,설악 바이아웃 8호,사모벤처,집행,10
2021-07-06,영남 교통 6호,인프라,집행,5
2021-07-07,해운대 물류 5호,부동산,집행,5
2021-07-11,오대 스페셜시츄에이션 13호,사모벤처,집행,10
2021-07-12,백두 벤처 3호,사모벤처,분배,9
2021-07-14,영남 교통 2호,인프라,분배,3
2021-07-14,오대 스페셜시츄에이션 6호,사모벤처,집행,7
2021-07-17,지리 미드캡 12호,사모벤처,집행,7
2021-07-17,한강 그로스 7호,사모벤처,집행,23
2021-07-19,남산 오피스 4호,부동산,분배,3
2021-07-20,송도 리츠 7호,부동산,집행,9
2021-07-22,서해 에너지 9호,인프라,약정,110
2021-07-22,한라 메자닌 11호,사모벤처,집행,13
2021-07-23,해운대 물류 1호,부동산,분배,3
2021-07-25,백두 벤처 10호,사모벤처,집행,5
2021-07-26,설악 바이아웃 1호,사모벤처,분배,3
2021-08-03,오대 스페셜시츄에이션 13호,사모벤처,집행,8
2021-08-06,남산 오피스 8호,부동산,집행,19
2021-08-08,남산 오피스 4호,부동산,분배,4
2021-08-10,태백 세컨더리 9호,사모벤처,집행,43
2021-08-11,백두 벤처 10호,사모벤처,집행,6
2021-08-13,판교 코어플러스 6호,부동산,집행,30
2021-08-15,한강 그로스 7호,사모벤처,집행,7
2021-08-16,동해 신재생 8호,인프라,집행,11
2021-08-20,서해 에너지 5호,인프라,집행,13
2021-08-22,한라 메자닌 11호,사모벤처,집행,7
2021-08-27,서해 에너지 1호,인프라,분배,3
2021-08-27,송도 리츠 7호,부동산,집행,11
2021-08-27,지리 미드캡 12호,사모벤처,집행,10
2021-08-27,한라 메자닌 4호,사모벤처,집행,14
2021-09-03,남산 오피스 8호,부동산,집행,11
2021-09-05,한라 메자닌 11호,사모벤처,집행,6
2021-09-06,백두 벤처 10호,사모벤처,집행,5
2021-09-07,송도 리츠 7호,부동산,집행,5
2021-09-07,지리 미드캡 12호,사모벤처,집행,8
2021-09-09,지리 미드캡 5호,사모벤처,집행,21
2021-09-11,태백 세컨더리 9호,사모벤처,집행,11
2021-09-14,동해 신재생 4호,인프라,집행,5
2021-09-15,한강 그로스 14호,사모벤처,약정,350
2021-09-15,한강 그로스 7호,사모벤처,집행,6
2021-09-15,한라 메자닌 4호,사모벤처,집행,5
2021-09-17,호남 데이터센터 3호,인프라,집행,7
2021-09-21,영남 교통 2호,인프라,집행,8
2021-09-23,지리 미드캡 5호,사모벤처,분배,12
2021-09-23,남산 오피스 4호,부동산,집행,5
2021-09-23,오대 스페셜시츄에이션 13호,사모벤처,집행,6
2021-09-27,백두 벤처 3호,사모벤처,집행,16
2021-09-27,서해 에너지 5호,인프라,집행,5
2021-09-27,판교 코어플러스 6호,부동산,집행,9
2021-10-04,남산 오피스 4호,부동산,분배,4
2021-10-12,영남 교통 6호,인프라,집행,6
2021-10-14,한라 메자닌 11호,사모벤처,집행,6
2021-10-16,태백 세컨더리 9호,사모벤처,집행,9
2021-10-19,한라 메자닌 4호,사모벤처,분배,12
2021-10-21,동해 신재생 4호,인프라,집행,5
2021-10-25,오대 스페셜시츄에이션 6호,사모벤처,분배,13
2021-10-25,동해 신재생 8호,인프라,집행,8
2021-10-26,한강 그로스 7호,사모벤처,집행,6
2021-11-04,호남 데이터센터 7호,인프라,집행,13
2021-11-06,영남 교통 6호,인프라,집행,6
2021-11-06,한라 메자닌 4호,사모벤처,집행,8
2021-11-07,해운대 물류 9호,부동산,약정,280
2021-11-08,오대 스페셜시츄에이션 6호,사모벤처,집행,26
2021-11-10,동해 신재생 8호,인프라,집행,5
2021-11-10,백두 벤처 10호,사모벤처,집행,7
2021-11-16,설악 바이아웃 8호,사모벤처,집행,35
2021-11-16,한라 메자닌 11호,사모벤처,집행,6
2021-11-18,한강 그로스 14호,사모벤처,집행,16
2021-11-19,남산 오피스 8호,부동산,집행,21
2021-11-19,서해 에너지 1호,인프라,집행,6
2021-11-20,설악 바이아웃 1호,사모벤처,분배,3
2021-11-20,오대 스페셜시츄에이션 13호,사모벤처,집행,21
2021-11-23,지리 미드캡 5호,사모벤처,집행,10
2021-11-23,판교 코어플러스 6호,부동산,집행,18
2021-11-24,남산 오피스 4호,부동산,분배,4
2021-11-24,서해 에너지 1호,인프라,분배,3
2021-11-27,서해 에너지 5호,인프라,집행,5
2021-12-03,판교 코어플러스 6호,부동산,집행,9
2021-12-05,한강 그로스 7호,사모벤처,분배,15
2021-12-07,동해 신재생 4호,인프라,집행,7
2021-12-08,백두 벤처 3호,사모벤처,분배,12
2021-12-10,지리 미드캡 12호,사모벤처,집행,24
2021-12-11,오대 스페셜시츄에이션 13호,사모벤처,집행,7
2021-12-12,설악 바이아웃 1호,사모벤처,분배,4
2021-12-12,한라 메자닌 11호,사모벤처,집행,7
2021-12-14,오대 스페셜시츄에이션 6호,사모벤처,분배,12
2021-12-17,판교 코어플러스 6호,부동산,분배,4
2021-12-20,한강 그로스 14호,사모벤처,집행,9
2021-12-21,서해 에너지 1호,인프라,분배,4
2021-12-23,설악 바이아웃 15호,사모벤처,약정,320
2021-12-24,호남 데이터센터 3호,인프라,집행,9
2021-12-25,백두 벤처 10호,사모벤처,집행,6
2021-12-25,해운대 물류 9호,부동산,집행,11
2021-12-27,설악 바이아웃 8호,사모벤처,집행,6
2021-12-27,오대 스페셜시츄에이션 6호,사모벤처,집행,10
2022-01-03,설악 바이아웃 15호,사모벤처,집행,8
2022-01-07,백두 벤처 3호,사모벤처,분배,12
2022-01-07,호남 데이터센터 7호,인프라,집행,5
2022-01-11,한강 그로스 7호,사모벤처,집행,18
2022-01-11,해운대 물류 9호,부동산,집행,12
2022-01-12,판교 코어플러스 6호,부동산,분배,4
2022-01-13,송도 리츠 7호,부동산,집행,25
2022-01-13,한라 메자닌 11호,사모벤처,집행,6
2022-01-15,지리 미드캡 12호,사모벤처,집행,7
2022-01-17,오대 스페셜시츄에이션 13호,사모벤처,집행,7
2022-01-18,백두 벤처 10호,사모벤처,집행,6
2022-01-19,오대 스페셜시츄에이션 6호,사모벤처,분배,7
2022-01-22,한라 메자닌 4호,사모벤처,분배,4
2022-01-23,태백 세컨더리 9호,사모벤처,집행,27
2022-01-24,서해 에너지 1호,인프라,분배,4
2022-01-25,송도 리츠 3호,부동산,분배,3
2022-01-25,해운대 물류 1호,부동산,분배,3
2022-01-25,남산 오피스 8호,부동산,집행,21
2022-01-27,설악 바이아웃 1호,사모벤처,분배,4
2022-02-06,지리 미드캡 5호,사모벤처,집행,10
2022-02-07,오대 스페셜시츄에이션 13호,사모벤처,집행,6
2022-02-08,설악 바이아웃 15호,사모벤처,집행,10
2022-02-09,남산 오피스 4호,부동산,분배,5
2022-02-09,백두 벤처 10호,사모벤처,집행,6
2022-02-11,태백 세컨더리 9호,사모벤처,집행,12
2022-02-11,판교 코어플러스 6호,부동산,집행,13
2022-02-13,백두 벤처 3호,사모벤처,분배,10
2022-02-14,한강 그로스 14호,사모벤처,집행,20
2022-02-16,오대 스페셜시츄에이션 6호,사모벤처,분배,11
2022-02-16,남산 오피스 8호,부동산,집행,9
2022-02-18,해운대 물류 9호,부동산,집행,16
2022-02-21,백두 벤처 3호,사모벤처,집행,7
2022-02-21,영남 교통 2호,인프라,집행,7
2022-02-21,한강 그로스 7호,사모벤처,집행,6
2022-02-22,동해 신재생 4호,인프라,집행,8
2022-02-23,한강 그로스 7호,사모벤처,분배,16
2022-02-27,태백 세컨더리 2호,사모벤처,집행,5
2022-03-03,지리 미드캡 12호,사모벤처,집행,18
2022-03-04,한라 메자닌 4호,사모벤처,집행,7
2022-03-07,해운대 물류 5호,부동산,집행,7
2022-03-08,판교 코어플러스 10호,부동산,약정,150
2022-03-08,설악 바이아웃 8호,사모벤처,집행,21
2022-03-08,오대 스페셜시츄에이션 13호,사모벤처,집행,8
2022-03-09,남산 오피스 4호,부동산,분배,5
2022-03-09,동해 신재생 8호,인프라,집행,10
2022-03-10,서해 에너지 9호,인프라,집행,7
2022-03-12,송도 리츠 7호,부동산,집행,12
2022-03-13,한강 그로스 7호,사모벤처,분배,13
2022-03-17,동해 신재생 4호,인프라,분배,3
2022-03-19,한라 메자닌 11호,사모벤처,집행,16
2022-03-21,설악 바이아웃 1호,사모벤처,분배,4
2022-03-21,남산 오피스 8호,부동산,집행,13
2022-03-23,오대 스페셜시츄에이션 6호,사모벤처,분배,13
2022-03-23,한강 그로스 14호,사모벤처,집행,7
2022-03-25,설악 바이아웃 15호,사모벤처,집행,6
2022-03-25,해운대 물류 9호,부동산,집행,10
2022-04-05,백두 벤처 3호,사모벤처,분배,5
2022-04-05,설악 바이아웃 15호,사모벤처,집행,8
2022-04-07,한강 그로스 7호,사모벤처,분배,16
2022-04-10,태백 세컨더리 2호,사모벤처,분배,10
2022-04-14,백두 벤처 10호,사모벤처,집행,9
2022-04-17,송도 리츠 7호,부동산,집행,5
2022-04-18,판교 코어플러스 6호,부동산,집행,15
2022-04-20,남산 오피스 8호,부동산,집행,13
2022-04-24,한라 메자닌 11호,사모벤처,집행,6
2022-04-25,지리 미드캡 5호,사모벤처,분배,6
2022-04-26,오대 스페셜시츄에이션 13호,사모벤처,집행,9
2022-04-26,한강 그로스 14호,사모벤처,집행,9
2022-04-26,해운대 물류 9호,부동산,집행,10
2022-05-03,판교 코어플러스 6호,부동산,분배,5
2022-05-03,오대 스페셜시츄에이션 6호,사모벤처,집행,32
2022-05-04,송도 리츠 3호,부동산,분배,3
2022-05-04,지리 미드캡 5호,사모벤처,집행,10
2022-05-04,한라 메자닌 11호,사모벤처,집행,8
2022-05-05,판교 코어플러스 10호,부동산,집행,16
2022-05-06,서해 에너지 5호,인프라,집행,11
2022-05-06,한강 그로스 7호,사모벤처,집행,20
2022-05-07,영남 교통 2호,인프라,분배,5
2022-05-08,동해 신재생 4호,인프라,집행,7
2022-05-10,설악 바이아웃 1호,사모벤처,분배,4
2022-05-10,오대 스페셜시츄에이션 6호,사모벤처,분배,21
2022-05-12,태백 세컨더리 16호,사모벤처,약정,290
2022-05-12,백두 벤처 10호,사모벤처,집행,7
2022-05-12,한강 그로스 14호,사모벤처,집행,11
2022-05-13,남산 오피스 4호,부동산,분배,3
2022-05-14,백두 벤처 3호,사모벤처,분배,5
2022-05-16,한강 그로스 7호,사모벤처,분배,11
2022-05-16,영남 교통 2호,인프라,집행,7
2022-05-19,송도 리츠 7호,부동산,집행,5
2022-05-22,태백 세컨더리 2호,사모벤처,분배,6
2022-05-23,한라 메자닌 4호,사모벤처,분배,5
2022-05-24,오대 스페셜시츄에이션 13호,사모벤처,집행,7
2022-05-25,동해 신재생 8호,인프라,집행,8
2022-05-25,태백 세컨더리 9호,사모벤처,집행,22
2022-05-27,영남 교통 6호,인프라,집행,23
2022-05-27,호남 데이터센터 7호,인프라,집행,7
2022-06-07,한라 메자닌 4호,사모벤처,집행,5
2022-06-10,설악 바이아웃 15호,사모벤처,집행,18
2022-06-11,오대 스페셜시츄에이션 6호,사모벤처,집행,5
2022-06-13,서해 에너지 5호,인프라,집행,5
2022-06-14,태백 세컨더리 2호,사모벤처,분배,9
2022-06-15,한라 메자닌 4호,사모벤처,분배,6
2022-06-15,태백 세컨더리 16호,사모벤처,집행,8
2022-06-17,해운대 물류 9호,부동산,집행,21
2022-06-21,설악 바이아웃 8호,사모벤처,집행,17
2022-06-21,지리 미드캡 12호,사모벤처,집행,33
2022-06-21,한강 그로스 14호,사모벤처,집행,11
2022-06-22,백두 벤처 17호,사모벤처,약정,470
2022-06-23,판교 코어플러스 10호,부동산,집행,9
2022-06-24,판교 코어플러스 6호,부동산,분배,3
2022-06-24,오대 스페셜시츄에이션 13호,사모벤처,집행,7
2022-06-27,남산 오피스 8호,부동산,집행,19
2022-07-03,태백 세컨더리 16호,사모벤처,집행,8
2022-07-05,호남 데이터센터 3호,인프라,집행,11
2022-07-06,남산 오피스 4호,부동산,분배,4
2022-07-06,백두 벤처 17호,사모벤처,집행,12
2022-07-07,한라 메자닌 18호,사모벤처,약정,400
2022-07-09,해운대 물류 5호,부동산,분배,3
2022-07-09,오대 스페셜시츄에이션 13호,사모벤처,집행,9
2022-07-10,해운대 물류 9호,부동산,집행,16
2022-07-11,해운대 물류 1호,부동산,분배,3
2022-07-11,호남 데이터센터 3호,인프라,분배,3
2022-07-11,설악 바이아웃 8호,사모벤처,집행,7
2022-07-13,판교 코어플러스 10호,부동산,집행,5
2022-07-18,지리 미드캡 12호,사모벤처,집행,8
2022-07-19,태백 세컨더리 9호,사모벤처,집행,13
2022-07-20,남산 오피스 8호,부동산,집행,9
2022-07-21,지리 미드캡 5호,사모벤처,분배,9
2022-07-22,송도 리츠 7호,부동산,집행,13
2022-07-23,설악 바이아웃 8호,사모벤처,분배,14
2022-07-23,판교 코어플러스 6호,부동산,집행,22
2022-07-24,설악 바이아웃 1호,사모벤처,분배,7
2022-07-25,한강 그로스 7호,사모벤처,집행,8
2022-07-27,태백 세컨더리 2호,사모벤처,분배,12
2022-07-27,한라 메자닌 4호,사모벤처,분배,5
2022-08-03,서해 에너지 9호,인프라,집행,12
2022-08-04,송도 리츠 11호,부동산,약정,150
2022-08-05,오대 스페셜시츄에이션 13호,사모벤처,집행,9
2022-08-06,영남 교통 10호,인프라,약정,200
2022-08-06,한라 메자닌 11호,사모벤처,집행,17
2022-08-06,한라 메자닌 18호,사모벤처,집행,10
2022-08-13,남산 오피스 4호,부동산,분배,3
2022-08-13,해운대 물류 9호,부동산,집행,14
2022-08-14,설악 바이아웃 15호,사모벤처,집행,16
2022-08-17,태백 세컨더리 16호,사모벤처,집행,7
2022-08-17,한강 그로스 14호,사모벤처,집행,16
2022-08-18,설악 바이아웃 8호,사모벤처,집행,5
2022-08-21,영남 교통 2호,인프라,분배,5
2022-08-26,영남 교통 6호,인프라,집행,9
2022-09-07,오대 스페셜시츄에이션 6호,사모벤처,집행,10
2022-09-08,백두 벤처 17호,사모벤처,집행,25
2022-09-08,오대 스페셜시츄에이션 13호,사모벤처,집행,10
2022-09-08,호남 데이터센터 7호,인프라,집행,7
2022-09-10,남산 오피스 4호,부동산,분배,4
2022-09-10,백두 벤처 3호,사모벤처,분배,11
2022-09-10,백두 벤처 3호,사모벤처,집행,7
2022-09-10,판교 코어플러스 10호,부동산,집행,13
2022-09-11,동해 신재생 4호,인프라,분배,4
2022-09-15,동해 신재생 4호,인프라,집행,11
2022-09-15,태백 세컨더리 16호,사모벤처,집행,6
2022-09-17,설악 바이아웃 8호,사모벤처,집행,5
2022-09-18,태백 세컨더리 9호,사모벤처,집행,13
2022-09-20,영남 교통 6호,인프라,집행,5
2022-09-22,남산 오피스 8호,부동산,집행,13
2022-09-23,송도 리츠 3호,부동산,분배,3
2022-09-24,송도 리츠 11호,부동산,집행,7
2022-09-25,백두 벤처 10호,사모벤처,집행,5
2022-10-05,서해 에너지 9호,인프라,집행,6
2022-10-06,동해 신재생 4호,인프라,분배,3
2022-10-06,오대 스페셜시츄에이션 13호,사모벤처,집행,8
2022-10-07,설악 바이아웃 8호,사모벤처,집행,5
2022-10-08,지리 미드캡 12호,사모벤처,집행,28
2022-10-09,남산 오피스 12호,부동산,약정,190
2022-10-09,설악 바이아웃 15호,사모벤처,집행,14
2022-10-11,영남 교통 2호,인프라,분배,5
2022-10-11,송도 리츠 7호,부동산,집행,8
2022-10-13,송도 리츠 7호,부동산,분배,4
2022-10-14,남산 오피스 4호,부동산,분배,3
2022-10-14,영남 교통 10호,인프라,집행,9
2022-10-16,송도 리츠 11호,부동산,집행,8
2022-10-18,서해 에너지 5호,인프라,집행,5
2022-10-20,남산 오피스 8호,부동산,집행,8
2022-10-22,한강 그로스 7호,사모벤처,분배,11
2022-10-24,판교 코어플러스 6호,부동산,분배,3
2022-10-25,한강 그로스 14호,사모벤처,집행,19
2022-11-06,해운대 물류 9호,부동산,집행,35
2022-11-08,영남 교통 10호,인프라,집행,5
2022-11-08,오대 스페셜시츄에이션 6호,사모벤처,집행,9
2022-11-09,한라 메자닌 4호,사모벤처,집행,8
2022-11-09,호남 데이터센터 7호,인프라,집행,9
2022-11-10,동해 신재생 4호,인프라,분배,5
2022-11-11,지리 미드캡 12호,사모벤처,집행,9
2022-11-13,한라 메자닌 11호,사모벤처,집행,10
2022-11-13,한라 메자닌 18호,사모벤처,집행,32
2022-11-15,지리 미드캡 19호,사모벤처,약정,300
2022-11-15,태백 세컨더리 9호,사모벤처,집행,11
2022-11-16,한강 그로스 14호,사모벤처,집행,7
2022-11-19,설악 바이아웃 1호,사모벤처,분배,7
2022-11-21,설악 바이아웃 8호,사모벤처,집행,5
2022-11-22,지리 미드캡 5호,사모벤처,집행,8
2022-11-24,백두 벤처 10호,사모벤처,분배,5
2022-11-26,서해 에너지 5호,인프라,집행,5
2022-11-27,설악 바이아웃 15호,사모벤처,집행,7
2022-12-03,송도 리츠 7호,부동산,분배,4
2022-12-06,한강 그로스 7호,사모벤처,분배,15
2022-12-07,동해 신재생 8호,인프라,집행,14
2022-12-07,오대 스페셜시츄에이션 6호,사모벤처,집행,5
2022-12-07,한강 그로스 7호,사모벤처,집행,14
2022-12-07,한라 메자닌 18호,사모벤처,집행,7
2022-12-09,설악 바이아웃 8호,사모벤처,분배,18
2022-12-09,한라 메자닌 11호,사모벤처,집행,6
2022-12-11,백두 벤처 10호,사모벤처,집행,11
2022-12-14,백두 벤처 10호,사모벤처,분배,6
2022-12-14,설악 바이아웃 15호,사모벤처,집행,9
2022-12-17,호남 데이터센터 11호,인프라,약정,280
2022-12-17,남산 오피스 12호,부동산,집행,19
2022-12-18,태백 세컨더리 16호,사모벤처,집행,21
2022-12-19,설악 바이아웃 8호,사모벤처,집행,7
2022-12-19,지리 미드캡 12호,사모벤처,집행,10
2022-12-20,한라 메자닌 4호,사모벤처,분배,9
2022-12-21,영남 교통 6호,인프라,집행,13
2022-12-22,영남 교통 10호,인프라,집행,5
2022-12-23,남산 오피스 4호,부동산,분배,4
2022-12-26,판교 코어플러스 10호,부동산,집행,23
2022-12-27,한강 그로스 14호,사모벤처,집행,9
2023-01-03,태백 세컨더리 16호,사모벤처,집행,9
2023-01-05,백두 벤처 3호,사모벤처,분배,12
2023-01-07,서해 에너지 1호,인프라,분배,3
2023-01-07,호남 데이터센터 3호,인프라,분배,3
2023-01-07,백두 벤처 17호,사모벤처,집행,41
2023-01-08,서해 에너지 5호,인프라,집행,8
2023-01-08,설악 바이아웃 15호,사모벤처,집행,11
2023-01-08,호남 데이터센터 11호,인프라,집행,9
2023-01-09,동해 신재생 4호,인프라,분배,5
2023-01-12,해운대 물류 9호,부동산,집행,17
2023-01-13,오대 스페셜시츄에이션 13호,사모벤처,집행,30
2023-01-13,판교 코어플러스 10호,부동산,집행,8
2023-01-14,영남 교통 6호,인프라,분배,4
2023-01-16,설악 바이아웃 8호,사모벤처,집행,7
2023-01-16,한강 그로스 14호,사모벤처,집행,11
2023-01-16,한라 메자닌 18호,사모벤처,집행,10
2023-01-21,백두 벤처 10호,사모벤처,집행,5
2023-01-22,송도 리츠 3호,부동산,분배,3
2023-01-23,태백 세컨더리 9호,사모벤처,집행,16
2023-01-23,한라 메자닌 11호,사모벤처,집행,6
2023-01-24,태백 세컨더리 2호,사모벤처,분배,10
2023-01-27,서해 에너지 5호,인프라,분배,3
2023-01-27,남산 오피스 12호,부동산,집행,7
2023-01-27,지리 미드캡 19호,사모벤처,집행,13
2023-02-03,남산 오피스 4호,부동산,분배,4
2023-02-03,오대 스페셜시츄에이션 6호,사모벤처,분배,10
2023-02-03,한라 메자닌 18호,사모벤처,집행,8
2023-02-05,남산 오피스 8호,부동산,집행,30
2023-02-05,설악 바이아웃 15호,사모벤처,집행,8
2023-02-06,서해 에너지 1호,인프라,분배,4
2023-02-08,백두 벤처 3호,사모벤처,분배,11
2023-02-10,호남 데이터센터 11호,인프라,집행,5
2023-02-13,태백 세컨더리 2호,사모벤처,분배,14
2023-02-13,한강 그로스 7호,사모벤처,분배,24
2023-02-13,태백 세컨더리 16호,사모벤처,집행,7
2023-02-14,호남 데이터센터 7호,인프라,집행,6
2023-02-16,영남 교통 10호,인프라,집행,12
2023-02-18,오대 스페셜시츄에이션 13호,사모벤처,집행,10
2023-02-18,지리 미드캡 19호,사모벤처,집행,8
2023-02-19,판교 코어플러스 6호,부동산,분배,5
2023-02-21,한강 그로스 14호,사모벤처,집행,12
2023-02-22,호남 데이터센터 3호,인프라,분배,3
2023-02-23,설악 바이아웃 1호,사모벤처,분배,3
2023-02-24,송도 리츠 7호,부동산,분배,3
2023-02-24,지리 미드캡 12호,사모벤처,집행,24
2023-02-24,태백 세컨더리 9호,사모벤처,집행,8
2023-02-26,판교 코어플러스 10호,부동산,집행,8
2023-02-27,해운대 물류 5호,부동산,분배,3
2023-03-03,태백 세컨더리 16호,사모벤처,집행,6
2023-03-05,송도 리츠 11호,부동산,집행,36
2023-03-05,해운대 물류 9호,부동산,집행,17
2023-03-06,백두 벤처 17호,사모벤처,집행,23
2023-03-06,오대 스페셜시츄에이션 6호,사모벤처,집행,12
2023-03-07,해운대 물류 1호,부동산,분배,3
2023-03-08,판교 코어플러스 6호,부동산,분배,4
2023-03-09,설악 바이아웃 1호,사모벤처,분배,3
2023-03-09,해운대 물류 5호,부동산,분배,4
2023-03-09,호남 데이터센터 11호,인프라,집행,7
2023-03-10,영남 교통 10호,인프라,집행,6
2023-03-12,오대 스페셜시츄에이션 6호,사모벤처,분배,17
2023-03-12,호남 데이터센터 3호,인프라,분배,3
2023-03-13,한강 그로스 7호,사모벤처,집행,7
2023-03-17,송도 리츠 3호,부동산,분배,3
2023-03-17,태백 세컨더리 2호,사모벤처,분배,11
2023-03-21,서해 에너지 5호,인프라,집행,8
2023-03-21,지리 미드캡 19호,사모벤처,집행,9
2023-03-24,남산 오피스 4호,부동산,분배,5
2023-03-24,판교 코어플러스 10호,부동산,집행,5
2023-03-25,지리 미드캡 12호,사모벤처,집행,5
2023-03-25,한라 메자닌 11호,사모벤처,집행,9
2023-03-25,한라 메자닌 18호,사모벤처,집행,10
2023-03-26,남산 오피스 12호,부동산,집행,15
2023-03-26,설악 바이아웃 15호,사모벤처,집행,7
2023-04-06,설악 바이아웃 15호,사모벤처,집행,8
2023-04-07,백두 벤처 17호,사모벤처,집행,10
2023-04-08,동해 신재생 4호,인프라,집행,5
2023-04-11,동해 신재생 8호,인프라,집행,9
2023-04-12,오대 스페셜시츄에이션 20호,사모벤처,약정,620
2023-04-14,동해 신재생 8호,인프라,분배,3
2023-04-14,한강 그로스 7호,사모벤처,분배,10
2023-04-16,한라 메자닌 11호,사모벤처,집행,5
2023-04-17,태백 세컨더리 16호,사모벤처,집행,6
2023-04-22,해운대 물류 9호,부동산,분배,3
2023-04-23,남산 오피스 8호,부동산,분배,3
2023-04-23,영남 교통 6호,인프라,집행,5
2023-04-23,지리 미드캡 19호,사모벤처,집행,7
2023-04-24,남산 오피스 12호,부동산,집행,7
2023-04-24,지리 미드캡 12호,사모벤처,집행,9
2023-04-25,오대 스페셜시츄에이션 13호,사모벤처,집행,20
2023-04-25,호남 데이터센터 11호,인프라,집행,7
2023-04-27,오대 스페셜시츄에이션 6호,사모벤처,집행,5
2023-05-04,한강 그로스 14호,사모벤처,집행,29
2023-05-05,해운대 물류 9호,부동산,분배,3
2023-05-05,영남 교통 10호,인프라,집행,10
2023-05-07,백두 벤처 3호,사모벤처,분배,10
2023-05-08,태백 세컨더리 16호,사모벤처,집행,9
2023-05-08,호남 데이터센터 7호,인프라,집행,6
2023-05-09,오대 스페셜시츄에이션 13호,사모벤처,집행,10
2023-05-10,설악 바이아웃 15호,사모벤처,집행,7
2023-05-11,태백 세컨더리 9호,사모벤처,분배,9
2023-05-12,남산 오피스 8호,부동산,분배,4
2023-05-12,오대 스페셜시츄에이션 20호,사모벤처,집행,14
2023-05-12,지리 미드캡 19호,사모벤처,집행,7
2023-05-12,한라 메자닌 18호,사모벤처,집행,17
2023-05-14,서해 에너지 5호,인프라,분배,4
2023-05-15,판교 코어플러스 10호,부동산,집행,8
2023-05-17,송도 리츠 7호,부동산,분배,4
2023-05-17,백두 벤처 17호,사모벤처,집행,15
2023-05-18,태백 세컨더리 9호,사모벤처,집행,10
2023-05-18,한강 그로스 7호,사모벤처,집행,7
2023-05-18,해운대 물류 9호,부동산,집행,18
2023-05-19,영남 교통 6호,인프라,분배,3
2023-05-19,남산 오피스 12호,부동산,집행,9
2023-05-21,동해 신재생 12호,인프라,약정,180
2023-05-22,해운대 물류 5호,부동산,분배,3
2023-05-22,호남 데이터센터 11호,인프라,집행,8
2023-05-23,호남 데이터센터 7호,인프라,분배,3
2023-05-24,영남 교통 2호,인프라,분배,6
2023-05-25,한강 그로스 7호,사모벤처,분배,20
2023-05-25,남산 오피스 8호,부동산,집행,21
2023-05-26,한라 메자닌 11호,사모벤처,집행,6
2023-05-27,오대 스페셜시츄에이션 6호,사모벤처,분배,20
2023-06-03,해운대 물류 13호,부동산,약정,180
2023-06-04,서해 에너지 1호,인프라,분배,3
2023-06-06,남산 오피스 12호,부동산,집행,10
2023-06-09,한강 그로스 7호,사모벤처,분배,18
2023-06-10,동해 신재생 12호,인프라,집행,5
2023-06-10,호남 데이터센터 11호,인프라,집행,5
2023-06-11,송도 리츠 3호,부동산,분배,3
2023-06-11,지리 미드캡 19호,사모벤처,집행,8
2023-06-12,판교 코어플러스 6호,부동산,분배,4
2023-06-13,남산 오피스 4호,부동산,분배,5
2023-06-13,영남 교통 2호,인프라,분배,3
2023-06-15,태백 세컨더리 2호,사모벤처,분배,12
2023-06-16,해운대 물류 5호,부동산,분배,4
2023-06-17,백두 벤처 10호,사모벤처,분배,6
2023-06-17,태백 세컨더리 16호,사모벤처,집행,9
2023-06-19,설악 바이아웃 15호,사모벤처,집행,9
2023-06-19,한라 메자닌 18호,사모벤처,집행,9
2023-06-22,오대 스페셜시츄에이션 20호,사모벤처,집행,11
2023-06-23,설악 바이아웃 8호,사모벤처,분배,13
2023-06-23,해운대 물류 1호,부동산,분배,3
2023-06-23,태백 세컨더리 9호,사모벤처,집행,5
2023-06-26,동해 신재생 8호,인프라,집행,6
2023-06-26,오대 스페셜시츄에이션 13호,사모벤처,집행,11
2023-06-27,지리 미드캡 5호,사모벤처,분배,13
2023-07-04,호남 데이터센터 11호,인프라,집행,6
2023-07-05,해운대 물류 5호,부동산,분배,3
2023-07-05,남산 오피스 12호,부동산,집행,8
2023-07-06,서해 에너지 5호,인프라,분배,4
2023-07-06,영남 교통 2호,인프라,분배,4
2023-07-06,오대 스페셜시츄에이션 20호,사모벤처,집행,12
2023-07-07,동해 신재생 4호,인프라,분배,3
2023-07-08,해운대 물류 9호,부동산,분배,3
2023-07-08,영남 교통 10호,인프라,집행,9
2023-07-08,태백 세컨더리 16호,사모벤처,집행,6
2023-07-10,송도 리츠 7호,부동산,집행,5
2023-07-10,한강 그로스 14호,사모벤처,집행,17
2023-07-12,남산 오피스 4호,부동산,분배,4
2023-07-16,지리 미드캡 12호,사모벤처,집행,24
2023-07-20,해운대 물류 1호,부동산,분배,3
2023-07-22,백두 벤처 17호,사모벤처,집행,27
2023-07-23,남산 오피스 8호,부동산,집행,5
2023-07-23,설악 바이아웃 15호,사모벤처,집행,10
2023-07-25,설악 바이아웃 8호,사모벤처,분배,10
2023-07-27,오대 스페셜시츄에이션 13호,사모벤처,집행,6
2023-08-03,해운대 물류 13호,부동산,집행,20
2023-08-05,태백 세컨더리 2호,사모벤처,분배,6
2023-08-05,오대 스페셜시츄에이션 13호,사모벤처,집행,5
2023-08-08,판교 코어플러스 14호,부동산,약정,190
2023-08-10,설악 바이아웃 1호,사모벤처,분배,5
2023-08-10,백두 벤처 17호,사모벤처,집행,9
2023-08-12,태백 세컨더리 16호,사모벤처,집행,6
2023-08-12,한라 메자닌 18호,사모벤처,집행,21
2023-08-13,백두 벤처 10호,사모벤처,분배,3
2023-08-15,서해 에너지 13호,인프라,약정,190
2023-08-15,영남 교통 10호,인프라,집행,5
2023-08-16,설악 바이아웃 8호,사모벤처,분배,9
2023-08-16,서해 에너지 5호,인프라,집행,8
2023-08-18,한강 그로스 14호,사모벤처,집행,12
2023-08-18,호남 데이터센터 11호,인프라,집행,7
2023-08-19,서해 에너지 5호,인프라,분배,3
2023-08-19,동해 신재생 12호,인프라,집행,10
2023-08-21,남산 오피스 12호,부동산,집행,7
2023-08-23,남산 오피스 8호,부동산,분배,4
2023-08-23,영남 교통 6호,인프라,집행,8
2023-08-24,동해 신재생 4호,인프라,분배,6
2023-08-25,송도 리츠 3호,부동산,분배,3
2023-08-25,지리 미드캡 12호,사모벤처,집행,9
2023-08-25,지리 미드캡 19호,사모벤처,집행,16
2023-08-26,남산 오피스 4호,부동산,분배,5
2023-08-27,동해 신재생 8호,인프라,집행,5
2023-08-27,한라 메자닌 11호,사모벤처,집행,15
2023-09-04,한라 메자닌 4호,사모벤처,분배,13
2023-09-06,판교 코어플러스 6호,부동산,분배,4
2023-09-08,남산 오피스 4호,부동산,분배,5
2023-09-08,동해 신재생 12호,인프라,집행,6
2023-09-08,설악 바이아웃 15호,사모벤처,집행,17
2023-09-09,남산 오피스 12호,부동산,집행,8
2023-09-11,해운대 물류 9호,부동산,분배,4
2023-09-12,동해 신재생 4호,인프라,분배,3
2023-09-12,한라 메자닌 18호,사모벤처,집행,11
2023-09-17,해운대 물류 9호,부동산,집행,37
2023-09-19,영남 교통 2호,인프라,분배,3
2023-09-19,백두 벤처 17호,사모벤처,집행,10
2023-09-19,오대 스페셜시츄에이션 20호,사모벤처,집행,34
2023-09-20,판교 코어플러스 14호,부동산,집행,10
2023-09-22,지리 미드캡 12호,사모벤처,집행,5
2023-09-24,지리 미드캡 5호,사모벤처,분배,8
2023-09-24,해운대 물류 5호,부동산,분배,3
2023-09-25,서해 에너지 13호,인프라,집행,5
2023-09-25,한강 그로스 14호,사모벤처,집행,8
2023-09-26,한강 그로스 7호,사모벤처,분배,18
2023-09-26,판교 코어플러스 10호,부동산,집행,7
2023-09-27,해운대 물류 13호,부동산,집행,9
2023-10-05,영남 교통 10호,인프라,집행,6
2023-10-05,오대 스페셜시츄에이션 13호,사모벤처,집행,15
2023-10-07,남산 오피스 8호,부동산,분배,3
2023-10-07,호남 데이터센터 7호,인프라,집행,8
2023-10-10,송도 리츠 11호,부동산,집행,39
2023-10-11,한라 메자닌 4호,사모벤처,분배,11
2023-10-17,태백 세컨더리 16호,사모벤처,집행,16
2023-10-18,호남 데이터센터 3호,인프라,분배,3
2023-10-18,호남 데이터센터 7호,인프라,분배,4
2023-10-18,한강 그로스 14호,사모벤처,집행,9
2023-10-20,오대 스페셜시츄에이션 20호,사모벤처,집행,16
2023-10-20,지리 미드캡 12호,사모벤처,집행,7
2023-10-21,송도 리츠 15호,부동산,약정,180
2023-10-23,판교 코어플러스 14호,부동산,집행,7
2023-10-24,해운대 물류 9호,부동산,집행,8
2023-10-26,해운대 물류 5호,부동산,분배,3
2023-10-26,설악 바이아웃 15호,사모벤처,집행,8
2023-11-03,한강 그로스 21호,사모벤처,약정,460
2023-11-04,한강 그로스 14호,사모벤처,집행,6
2023-11-06,서해 에너지 13호,인프라,집행,5
2023-11-07,남산 오피스 12호,부동산,집행,12
2023-11-08,한라 메자닌 4호,사모벤처,분배,9
2023-11-08,동해 신재생 12호,인프라,집행,5
2023-11-08,태백 세컨더리 16호,사모벤처,집행,8
2023-11-08,호남 데이터센터 11호,인프라,집행,23
2023-11-09,오대 스페셜시츄에이션 6호,사모벤처,분배,24
2023-11-10,송도 리츠 15호,부동산,집행,7
2023-11-11,태백 세컨더리 9호,사모벤처,분배,9
2023-11-11,판교 코어플러스 10호,부동산,집행,10
2023-11-12,판교 코어플러스 14호,부동산,집행,7
2023-11-13,영남 교통 6호,인프라,집행,9
2023-11-14,서해 에너지 5호,인프라,분배,4
2023-11-14,설악 바이아웃 15호,사모벤처,집행,7
2023-11-16,송도 리츠 7호,부동산,분배,3
2023-11-16,송도 리츠 11호,부동산,집행,5
2023-11-16,지리 미드캡 19호,사모벤처,집행,23
2023-11-18,남산 오피스 4호,부동산,분배,4
2023-11-18,백두 벤처 10호,사모벤처,분배,3
2023-11-20,해운대 물류 13호,부동산,집행,18
2023-11-21,한라 메자닌 18호,사모벤처,집행,21
2023-11-24,해운대 물류 9호,부동산,집행,8
2023-11-26,오대 스페셜시츄에이션 20호,사모벤처,집행,15
2023-12-03,설악 바이아웃 22호,사모벤처,약정,560
2023-12-03,송도 리츠 15호,부동산,집행,10
2023-12-05,판교 코어플러스 10호,부동산,집행,5
2023-12-05,한라 메자닌 18호,사모벤처,집행,13
2023-12-06,설악 바이아웃 8호,사모벤처,집행,9
2023-12-07,서해 에너지 5호,인프라,분배,5
2023-12-07,태백 세컨더리 16호,사모벤처,집행,10
2023-12-08,호남 데이터센터 7호,인프라,분배,3
2023-12-08,남산 오피스 12호,부동산,집행,5
2023-12-09,지리 미드캡 12호,사모벤처,집행,12
2023-12-13,설악 바이아웃 15호,사모벤처,집행,7
2023-12-18,영남 교통 14호,인프라,약정,170
2023-12-18,오대 스페셜시츄에이션 20호,사모벤처,집행,19
2023-12-19,한라 메자닌 4호,사모벤처,분배,8
2023-12-19,한강 그로스 14호,사모벤처,집행,5
2023-12-22,해운대 물류 13호,부동산,집행,8
2023-12-23,영남 교통 10호,인프라,집행,10
2023-12-24,오대 스페셜시츄에이션 13호,사모벤처,집행,14
2023-12-24,한강 그로스 21호,사모벤처,집행,10
2023-12-26,동해 신재생 8호,인프라,분배,4
2023-12-26,지리 미드캡 5호,사모벤처,분배,8
2024-01-03,판교 코어플러스 6호,부동산,분배,3
2024-01-04,송도 리츠 3호,부동산,분배,3
2024-01-05,남산 오피스 8호,부동산,분배,4
2024-01-05,동해 신재생 4호,인프라,분배,4
2024-01-05,태백 세컨더리 23호,사모벤처,약정,580
2024-01-06,호남 데이터센터 11호,인프라,집행,11
2024-01-08,호남 데이터센터 7호,인프라,집행,10
2024-01-09,오대 스페셜시츄에이션 20호,사모벤처,집행,19
2024-01-10,송도 리츠 15호,부동산,집행,6
2024-01-10,지리 미드캡 12호,사모벤처,집행,6
2024-01-11,동해 신재생 8호,인프라,분배,3
2024-01-11,백두 벤처 3호,사모벤처,분배,5
2024-01-11,태백 세컨더리 9호,사모벤처,분배,23
2024-01-11,한라 메자닌 11호,사모벤처,집행,6
2024-01-12,송도 리츠 7호,부동산,분배,3
2024-01-13,남산 오피스 16호,부동산,약정,150
2024-01-16,오대 스페셜시츄에이션 13호,사모벤처,분배,16
2024-01-16,한강 그로스 7호,사모벤처,분배,19
2024-01-16,백두 벤처 17호,사모벤처,집행,55
2024-01-16,태백 세컨더리 16호,사모벤처,집행,8
2024-01-17,한강 그로스 21호,사모벤처,집행,12
2024-01-24,한라 메자닌 11호,사모벤처,분배,6
2024-01-24,지리 미드캡 19호,사모벤처,집행,14
2024-01-25,남산 오피스 12호,부동산,집행,5
2024-01-27,판교 코어플러스 14호,부동산,집행,16
2024-02-03,호남 데이터센터 11호,인프라,집행,7
2024-02-04,해운대 물류 9호,부동산,분배,5
2024-02-04,백두 벤처 10호,사모벤처,집행,10
2024-02-04,설악 바이아웃 15호,사모벤처,집행,13
2024-02-05,호남 데이터센터 15호,인프라,약정,240
2024-02-07,오대 스페셜시츄에이션 20호,사모벤처,집행,13
2024-02-08,남산 오피스 12호,부동산,집행,7
2024-02-08,판교 코어플러스 10호,부동산,집행,10
2024-02-10,설악 바이아웃 22호,사모벤처,집행,26
2024-02-11,설악 바이아웃 1호,사모벤처,분배,7
2024-02-11,해운대 물류 5호,부동산,분배,4
2024-02-12,오대 스페셜시츄에이션 13호,사모벤처,집행,14
2024-02-14,남산 오피스 4호,부동산,분배,3
2024-02-14,지리 미드캡 5호,사모벤처,분배,11
2024-02-15,백두 벤처 17호,사모벤처,집행,13
2024-02-19,서해 에너지 13호,인프라,집행,8
2024-02-19,태백 세컨더리 9호,사모벤처,집행,7
2024-02-20,설악 바이아웃 8호,사모벤처,분배,15
2024-02-20,태백 세컨더리 16호,사모벤처,집행,7
2024-02-21,송도 리츠 15호,부동산,집행,7
2024-02-22,한라 메자닌 18호,사모벤처,집행,25
2024-02-23,지리 미드캡 19호,사모벤처,집행,10
2024-02-24,태백 세컨더리 23호,사모벤처,집행,11
2024-02-26,송도 리츠 3호,부동산,분배,3
2024-02-27,동해 신재생 4호,인프라,분배,4
2024-03-03,영남 교통 2호,인프라,분배,6
2024-03-04,송도 리츠 3호,부동산,분배,3
2024-03-04,오대 스페셜시츄에이션 20호,사모벤처,집행,11
2024-03-06,동해 신재생 8호,인프라,집행,15
2024-03-07,백두 벤처 17호,사모벤처,집행,13
2024-03-07,태백 세컨더리 23호,사모벤처,집행,12
2024-03-08,설악 바이아웃 8호,사모벤처,분배,22
2024-03-09,한강 그로스 14호,사모벤처,분배,13
2024-03-09,동해 신재생 12호,인프라,집행,18
2024-03-09,오대 스페셜시츄에이션 13호,사모벤처,집행,6
2024-03-10,남산 오피스 4호,부동산,분배,3
2024-03-10,서해 에너지 5호,인프라,분배,5
2024-03-10,지리 미드캡 12호,사모벤처,집행,8
2024-03-11,오대 스페셜시츄에이션 6호,사모벤처,분배,23
2024-03-12,해운대 물류 5호,부동산,분배,4
2024-03-12,설악 바이아웃 22호,사모벤처,집행,16
2024-03-12,송도 리츠 15호,부동산,집행,9
2024-03-16,남산 오피스 8호,부동산,분배,3
2024-03-17,영남 교통 6호,인프라,분배,4
2024-03-18,한강 그로스 21호,사모벤처,집행,23
2024-03-18,한라 메자닌 18호,사모벤처,집행,13
2024-03-19,송도 리츠 7호,부동산,분배,3
2024-03-20,해운대 물류 9호,부동산,분배,4
2024-03-21,지리 미드캡 19호,사모벤처,집행,9
2024-03-22,태백 세컨더리 16호,사모벤처,집행,9
2024-03-23,태백 세컨더리 2호,사모벤처,분배,11
2024-03-23,판교 코어플러스 14호,부동산,집행,14
2024-03-24,지리 미드캡 12호,사모벤처,분배,10
2024-03-24,태백 세컨더리 9호,사모벤처,분배,15
2024-03-24,백두 벤처 24호,사모벤처,약정,560
2024-03-25,한라 메자닌 11호,사모벤처,분배,6
2024-03-27,호남 데이터센터 11호,인프라,집행,8
2024-04-03,남산 오피스 16호,부동산,집행,21
2024-04-04,남산 오피스 4호,부동산,분배,4
2024-04-04,해운대 물류 17호,부동산,약정,220
2024-04-05,백두 벤처 10호,사모벤처,분배,9
2024-04-06,오대 스페셜시츄에이션 13호,사모벤처,집행,8
2024-04-07,서해 에너지 5호,인프라,분배,4
2024-04-08,설악 바이아웃 15호,사모벤처,집행,13
2024-04-09,판교 코어플러스 14호,부동산,집행,11
2024-04-10,호남 데이터센터 11호,인프라,집행,7
2024-04-12,서해 에너지 13호,인프라,집행,11
2024-04-12,오대 스페셜시츄에이션 20호,사모벤처,집행,18
2024-04-13,한강 그로스 14호,사모벤처,집행,29
2024-04-14,남산 오피스 8호,부동산,분배,4
2024-04-14,한라 메자닌 25호,사모벤처,약정,420
2024-04-15,영남 교통 6호,인프라,분배,5
2024-04-20,백두 벤처 17호,사모벤처,집행,13
2024-04-20,태백 세컨더리 23호,사모벤처,집행,16
2024-04-21,송도 리츠 15호,부동산,집행,6
2024-04-21,영남 교통 10호,인프라,집행,20
2024-04-23,남산 오피스 12호,부동산,집행,8
2024-04-24,태백 세컨더리 16호,사모벤처,집행,6
2024-04-25,영남 교통 2호,인프라,분배,3
2024-04-25,지리 미드캡 5호,사모벤처,분배,18
2024-04-25,호남 데이터센터 7호,인프라,분배,4
2024-04-25,호남 데이터센터 15호,인프라,집행,12
2024-04-26,해운대 물류 1호,부동산,분배,3
2024-04-26,설악 바이아웃 8호,사모벤처,집행,6
2024-05-03,동해 신재생 8호,인프라,분배,3
2024-05-04,한강 그로스 14호,사모벤처,분배,15
2024-05-04,지리 미드캡 19호,사모벤처,집행,13
2024-05-05,한강 그로스 14호,사모벤처,집행,6
2024-05-06,판교 코어플러스 14호,부동산,집행,10
2024-05-09,송도 리츠 11호,부동산,집행,5
2024-05-10,호남 데이터센터 15호,인프라,집행,7
2024-05-12,서해 에너지 5호,인프라,분배,5
2024-05-12,서해 에너지 13호,인프라,집행,6
2024-05-12,송도 리츠 15호,부동산,집행,7
2024-05-13,태백 세컨더리 23호,사모벤처,집행,11
2024-05-15,동해 신재생 12호,인프라,집행,9
2024-05-15,오대 스페셜시츄에이션 20호,사모벤처,집행,15
2024-05-18,서해 에너지 5호,인프라,집행,7
2024-05-18,영남 교통 14호,인프라,집행,21
2024-05-22,남산 오피스 12호,부동산,집행,6
2024-05-23,백두 벤처 24호,사모벤처,집행,22
2024-05-24,지리 미드캡 12호,사모벤처,분배,8
2024-05-25,동해 신재생 4호,인프라,분배,3
2024-05-25,남산 오피스 16호,부동산,집행,5
2024-05-25,설악 바이아웃 15호,사모벤처,집행,7
2024-06-05,설악 바이아웃 15호,사모벤처,집행,5
2024-06-05,태백 세컨더리 16호,사모벤처,집행,13
2024-06-06,태백 세컨더리 9호,사모벤처,분배,12
2024-06-07,지리 미드캡 12호,사모벤처,분배,17
2024-06-09,설악 바이아웃 1호,사모벤처,분배,4
2024-06-10,판교 코어플러스 6호,부동산,분배,4
2024-06-10,설악 바이아웃 22호,사모벤처,집행,44
2024-06-10,태백 세컨더리 23호,사모벤처,집행,12
2024-06-11,판교 코어플러스 14호,부동산,집행,9
2024-06-12,한라 메자닌 25호,사모벤처,집행,20
2024-06-15,송도 리츠 15호,부동산,집행,11
2024-06-15,지리 미드캡 12호,사모벤처,집행,10
2024-06-16,백두 벤처 10호,사모벤처,분배,9
2024-06-16,해운대 물류 13호,부동산,집행,50
2024-06-17,한강 그로스 14호,사모벤처,집행,6
2024-06-18,한강 그로스 7호,사모벤처,분배,25
2024-06-18,백두 벤처 24호,사모벤처,집행,17
2024-06-20,남산 오피스 4호,부동산,분배,4
2024-06-25,오대 스페셜시츄에이션 13호,사모벤처,분배,13
2024-06-25,지리 미드캡 19호,사모벤처,집행,6
2024-06-26,남산 오피스 16호,부동산,집행,8
2024-07-03,남산 오피스 8호,부동산,분배,4
2024-07-03,서해 에너지 1호,인프라,분배,3
2024-07-03,송도 리츠 15호,부동산,집행,8
2024-07-03,태백 세컨더리 23호,사모벤처,집행,15
2024-07-04,동해 신재생 8호,인프라,집행,6
2024-07-05,태백 세컨더리 9호,사모벤처,분배,22
2024-07-05,오대 스페셜시츄에이션 20호,사모벤처,집행,38
2024-07-05,한강 그로스 14호,사모벤처,집행,7
2024-07-06,판교 코어플러스 18호,부동산,약정,160
2024-07-06,설악 바이아웃 15호,사모벤처,집행,6
2024-07-08,해운대 물류 5호,부동산,분배,3
2024-07-08,해운대 물류 9호,부동산,분배,3
2024-07-08,영남 교통 6호,인프라,집행,8
2024-07-08,한라 메자닌 18호,사모벤처,집행,44
2024-07-09,태백 세컨더리 2호,사모벤처,분배,14
2024-07-09,남산 오피스 12호,부동산,집행,13
2024-07-10,설악 바이아웃 15호,사모벤처,분배,16
2024-07-10,영남 교통 10호,인프라,집행,8
2024-07-10,해운대 물류 13호,부동산,집행,6
2024-07-11,송도 리츠 3호,부동산,분배,3
2024-07-12,서해 에너지 13호,인프라,집행,11
2024-07-13,영남 교통 6호,인프라,분배,4
2024-07-13,영남 교통 14호,인프라,집행,5
2024-07-14,설악 바이아웃 8호,사모벤처,분배,9
2024-07-14,백두 벤처 24호,사모벤처,집행,12
2024-07-16,호남 데이터센터 3호,인프라,분배,3
2024-07-17,호남 데이터센터 15호,인프라,집행,12
2024-07-18,판교 코어플러스 6호,부동산,분배,3
2024-07-18,지리 미드캡 19호,사모벤처,집행,9
2024-07-19,동해 신재생 4호,인프라,분배,4
2024-07-19,영남 교통 2호,인프라,분배,5
2024-07-19,오대 스페셜시츄에이션 6호,사모벤처,분배,28
2024-07-19,지리 미드캡 5호,사모벤처,분배,6
2024-07-19,태백 세컨더리 16호,사모벤처,집행,6
2024-07-20,한라 메자닌 11호,사모벤처,집행,10
2024-07-21,남산 오피스 16호,부동산,집행,7
2024-07-23,한라 메자닌 25호,사모벤처,집행,8
2024-07-26,한강 그로스 14호,사모벤처,분배,19
2024-07-26,판교 코어플러스 14호,부동산,집행,9
2024-07-27,송도 리츠 11호,부동산,집행,10
2024-08-04,동해 신재생 12호,인프라,집행,13
2024-08-09,한라 메자닌 18호,사모벤처,집행,10
2024-08-09,한라 메자닌 25호,사모벤처,집행,9
2024-08-11,호남 데이터센터 11호,인프라,집행,28
2024-08-12,해운대 물류 5호,부동산,분배,3
2024-08-13,남산 오피스 16호,부동산,집행,7
2024-08-13,설악 바이아웃 22호,사모벤처,집행,29
2024-08-13,지리 미드캡 19호,사모벤처,집행,9
2024-08-14,영남 교통 10호,인프라,분배,3
2024-08-14,백두 벤처 24호,사모벤처,집행,18
2024-08-15,송도 리츠 15호,부동산,집행,11
2024-08-17,오대 스페셜시츄에이션 13호,사모벤처,집행,23
2024-08-18,남산 오피스 12호,부동산,집행,6
2024-08-19,설악 바이아웃 15호,사모벤처,집행,6
2024-08-20,지리 미드캡 5호,사모벤처,분배,11
2024-08-20,해운대 물류 9호,부동산,집행,6
2024-08-22,백두 벤처 17호,사모벤처,집행,40
2024-08-22,태백 세컨더리 23호,사모벤처,집행,14
2024-08-22,판교 코어플러스 18호,부동산,집행,8
2024-08-23,서해 에너지 1호,인프라,분배,3
2024-08-23,오대 스페셜시츄에이션 20호,사모벤처,집행,20
2024-08-23,해운대 물류 13호,부동산,집행,6
2024-08-24,남산 오피스 8호,부동산,분배,3
2024-08-24,한강 그로스 14호,사모벤처,분배,21
2024-08-24,한강 그로스 14호,사모벤처,집행,5
2024-08-25,설악 바이아웃 8호,사모벤처,분배,12
2024-08-25,영남 교통 6호,인프라,분배,3
2024-08-25,오대 스페셜시츄에이션 13호,사모벤처,분배,16
2024-08-27,한강 그로스 7호,사모벤처,분배,17
2024-09-03,백두 벤처 3호,사모벤처,분배,14
2024-09-03,태백 세컨더리 16호,사모벤처,집행,11
2024-09-05,송도 리츠 15호,부동산,집행,7
2024-09-05,태백 세컨더리 23호,사모벤처,집행,10
2024-09-05,호남 데이터센터 11호,인프라,집행,5
2024-09-07,한라 메자닌 25호,사모벤처,집행,10
2024-09-08,동해 신재생 4호,인프라,분배,6
2024-09-09,동해 신재생 12호,인프라,집행,6
2024-09-13,해운대 물류 17호,부동산,집행,48
2024-09-14,남산 오피스 4호,부동산,분배,3
2024-09-14,설악 바이아웃 15호,사모벤처,분배,14
2024-09-14,서해 에너지 13호,인프라,집행,8
2024-09-14,한강 그로스 21호,사모벤처,집행,73
2024-09-15,송도 리츠 7호,부동산,분배,4
2024-09-16,동해 신재생 8호,인프라,분배,4
2024-09-16,설악 바이아웃 1호,사모벤처,분배,4
2024-09-16,영남 교통 6호,인프라,집행,5
2024-09-17,남산 오피스 12호,부동산,집행,7
2024-09-17,송도 리츠 11호,부동산,집행,6
2024-09-17,판교 코어플러스 18호,부동산,집행,8
2024-09-21,백두 벤처 17호,사모벤처,집행,11
2024-09-21,백두 벤처 24호,사모벤처,집행,16
2024-09-21,설악 바이아웃 22호,사모벤처,집행,12
2024-09-21,오대 스페셜시츄에이션 20호,사모벤처,집행,20
2024-09-22,남산 오피스 16호,부동산,집행,7
2024-09-23,영남 교통 2호,인프라,분배,4
2024-09-25,해운대 물류 13호,부동산,집행,5
2024-10-03,판교 코어플러스 6호,부동산,분배,3
2024-10-05,동해 신재생 16호,인프라,약정,250
2024-10-05,설악 바이아웃 15호,사모벤처,집행,12
2024-10-05,호남 데이터센터 11호,인프라,집행,7
2024-10-06,호남 데이터센터 15호,인프라,집행,19
2024-10-07,남산 오피스 4호,부동산,분배,5
2024-10-07,영남 교통 14호,인프라,집행,8
2024-10-08,영남 교통 2호,인프라,분배,4
2024-10-09,백두 벤처 24호,사모벤처,집행,17
2024-10-11,송도 리츠 15호,부동산,집행,10
2024-10-11,한라 메자닌 18호,사모벤처,집행,15
2024-10-13,동해 신재생 8호,인프라,분배,5
2024-10-14,지리 미드캡 5호,사모벤처,분배,19
2024-10-15,한강 그로스 14호,사모벤처,분배,10
2024-10-15,해운대 물류 13호,부동산,집행,6
2024-10-15,해운대 물류 17호,부동산,집행,13
2024-10-17,판교 코어플러스 14호,부동산,집행,20
2024-10-18,남산 오피스 16호,부동산,집행,6
2024-10-18,지리 미드캡 12호,사모벤처,집행,9
2024-10-18,태백 세컨더리 23호,사모벤처,집행,13
2024-10-20,동해 신재생 4호,인프라,분배,5
2024-10-20,한강 그로스 7호,사모벤처,분배,14
2024-10-20,영남 교통 10호,인프라,집행,8
2024-10-21,한강 그로스 14호,사모벤처,집행,9
2024-10-22,영남 교통 10호,인프라,분배,4
2024-10-23,해운대 물류 5호,부동산,분배,3
2024-10-24,한라 메자닌 25호,사모벤처,집행,12
2024-10-25,한라 메자닌 4호,사모벤처,분배,11
2024-10-26,백두 벤처 17호,사모벤처,집행,7
2024-10-27,설악 바이아웃 8호,사모벤처,분배,10
2024-11-03,태백 세컨더리 16호,사모벤처,분배,12
2024-11-06,오대 스페셜시츄에이션 13호,사모벤처,분배,23
2024-11-07,백두 벤처 10호,사모벤처,분배,9
2024-11-07,영남 교통 14호,인프라,집행,5
2024-11-10,동해 신재생 16호,인프라,집행,6
2024-11-11,해운대 물류 17호,부동산,집행,10
2024-11-12,해운대 물류 13호,부동산,집행,7
2024-11-13,판교 코어플러스 10호,부동산,분배,3
2024-11-14,해운대 물류 5호,부동산,분배,4
2024-11-14,한강 그로스 21호,사모벤처,집행,20
2024-11-15,남산 오피스 8호,부동산,분배,3
2024-11-15,영남 교통 2호,인프라,분배,4
2024-11-15,오대 스페셜시츄에이션 20호,사모벤처,집행,36
2024-11-15,한라 메자닌 25호,사모벤처,집행,13
2024-11-15,해운대 물류 9호,부동산,집행,5
2024-11-16,지리 미드캡 19호,사모벤처,집행,26
2024-11-18,영남 교통 10호,인프라,분배,4
2024-11-18,남산 오피스 12호,부동산,집행,8
2024-11-18,백두 벤처 24호,사모벤처,집행,15
2024-11-18,태백 세컨더리 23호,사모벤처,집행,18
2024-11-19,백두 벤처 17호,사모벤처,집행,9
2024-11-19,판교 코어플러스 18호,부동산,집행,15
2024-11-20,지리 미드캡 5호,사모벤처,분배,8
2024-11-22,해운대 물류 1호,부동산,분배,3
2024-11-23,남산 오피스 16호,부동산,집행,6
2024-11-24,서해 에너지 17호,인프라,약정,260
2024-11-26,남산 오피스 12호,부동산,분배,4
2024-11-26,호남 데이터센터 15호,인프라,집행,7
2024-11-27,한강 그로스 7호,사모벤처,분배,8
2024-12-04,동해 신재생 8호,인프라,집행,7
2024-12-04,송도 리츠 15호,부동산,집행,5
2024-12-04,판교 코어플러스 18호,부동산,집행,6
2024-12-05,영남 교통 6호,인프라,분배,3
2024-12-07,동해 신재생 8호,인프라,분배,5
2024-12-07,지리 미드캡 26호,사모벤처,약정,560
2024-12-08,설악 바이아웃 8호,사모벤처,분배,20
2024-12-09,한강 그로스 7호,사모벤처,분배,19
2024-12-10,한라 메자닌 11호,사모벤처,분배,13
2024-12-11,한라 메자닌 18호,사모벤처,집행,17
2024-12-11,한라 메자닌 25호,사모벤처,집행,12
2024-12-12,백두 벤처 24호,사모벤처,집행,11
2024-12-13,남산 오피스 8호,부동산,분배,3
2024-12-14,백두 벤처 17호,사모벤처,집행,9
2024-12-15,호남 데이터센터 11호,인프라,집행,13
2024-12-17,설악 바이아웃 15호,사모벤처,집행,12
2024-12-18,오대 스페셜시츄에이션 13호,사모벤처,분배,10
2024-12-18,서해 에너지 17호,인프라,집행,6
2024-12-20,영남 교통 2호,인프라,분배,3
2024-12-20,해운대 물류 9호,부동산,분배,4
2024-12-21,지리 미드캡 5호,사모벤처,분배,17
2024-12-21,판교 코어플러스 14호,부동산,집행,11
2024-12-22,태백 세컨더리 23호,사모벤처,집행,17
2024-12-25,송도 리츠 7호,부동산,분배,3
2024-12-26,설악 바이아웃 15호,사모벤처,분배,15
2024-12-26,판교 코어플러스 6호,부동산,분배,4
2024-12-26,남산 오피스 16호,부동산,집행,6
2025-01-03,설악 바이아웃 22호,사모벤처,집행,58
2025-01-03,지리 미드캡 19호,사모벤처,집행,11
2025-01-04,서해 에너지 1호,인프라,분배,3
2025-01-06,한라 메자닌 4호,사모벤처,분배,7
2025-01-06,해운대 물류 13호,부동산,분배,3
2025-01-06,태백 세컨더리 23호,사모벤처,집행,16
2025-01-10,영남 교통 2호,인프라,분배,3
2025-01-12,오대 스페셜시츄에이션 20호,사모벤처,집행,34
2025-01-13,해운대 물류 13호,부동산,집행,10
2025-01-14,송도 리츠 15호,부동산,집행,6
2025-01-15,호남 데이터센터 7호,인프라,분배,4
2025-01-15,태백 세컨더리 16호,사모벤처,집행,22
2025-01-16,한라 메자닌 11호,사모벤처,분배,6
2025-01-17,남산 오피스 4호,부동산,분배,3
2025-01-17,송도 리츠 7호,부동산,분배,4
2025-01-17,영남 교통 6호,인프라,분배,6
2025-01-17,오대 스페셜시츄에이션 27호,사모벤처,약정,450
2025-01-17,판교 코어플러스 18호,부동산,집행,5
2025-01-19,영남 교통 18호,인프라,약정,320
2025-01-19,지리 미드캡 26호,사모벤처,집행,13
2025-01-20,한강 그로스 14호,사모벤처,집행,8
2025-01-21,남산 오피스 8호,부동산,분배,5
2025-01-22,호남 데이터센터 11호,인프라,집행,7
2025-01-23,한강 그로스 21호,사모벤처,집행,22
2025-01-24,판교 코어플러스 6호,부동산,분배,3
2025-01-24,남산 오피스 16호,부동산,집행,5
2025-01-26,한라 메자닌 25호,사모벤처,집행,10
2025-02-03,서해 에너지 13호,인프라,집행,29
2025-02-05,설악 바이아웃 15호,사모벤처,분배,16
2025-02-05,설악 바이아웃 22호,사모벤처,집행,15
2025-02-05,태백 세컨더리 16호,사모벤처,집행,5
2025-02-07,한강 그로스 14호,사모벤처,분배,9
2025-02-08,오대 스페셜시츄에이션 27호,사모벤처,집행,10
2025-02-09,송도 리츠 7호,부동산,분배,3
2025-02-09,호남 데이터센터 7호,인프라,분배,4
2025-02-09,호남 데이터센터 15호,인프라,집행,15
2025-02-11,남산 오피스 4호,부동산,분배,3
2025-02-11,서해 에너지 17호,인프라,집행,14
2025-02-12,동해 신재생 16호,인프라,집행,18
2025-02-14,영남 교통 10호,인프라,집행,18
2025-02-17,태백 세컨더리 9호,사모벤처,분배,18
2025-02-20,한강 그로스 28호,사모벤처,약정,500
2025-02-21,영남 교통 14호,인프라,집행,12
2025-02-22,지리 미드캡 26호,사모벤처,집행,12
2025-02-23,백두 벤처 17호,사모벤처,집행,21
2025-02-23,지리 미드캡 12호,사모벤처,집행,15
2025-02-23,지리 미드캡 19호,사모벤처,집행,5
2025-02-24,한라 메자닌 18호,사모벤처,집행,17
2025-02-24,호남 데이터센터 11호,인프라,집행,6
2025-02-25,남산 오피스 12호,부동산,분배,3
2025-02-25,영남 교통 6호,인프라,분배,6
2025-03-06,한라 메자닌 4호,사모벤처,분배,17
2025-03-06,판교 코어플러스 18호,부동산,집행,18
2025-03-06,해운대 물류 13호,부동산,집행,11
2025-03-07,오대 스페셜시츄에이션 27호,사모벤처,집행,14
2025-03-08,남산 오피스 8호,부동산,분배,3
2025-03-08,호남 데이터센터 19호,인프라,약정,390
2025-03-08,동해 신재생 16호,인프라,집행,5
2025-03-09,남산 오피스 4호,부동산,분배,6
2025-03-09,한강 그로스 21호,사모벤처,집행,25
2025-03-12,한강 그로스 28호,사모벤처,집행,13
2025-03-13,송도 리츠 15호,부동산,집행,6
2025-03-14,백두 벤처 24호,사모벤처,집행,44
2025-03-15,판교 코어플러스 10호,부동산,분배,3
2025-03-20,설악 바이아웃 15호,사모벤처,집행,8
2025-03-21,남산 오피스 16호,부동산,집행,9
2025-03-21,해운대 물류 17호,부동산,집행,33
2025-03-21,호남 데이터센터 11호,인프라,집행,5
2025-03-22,태백 세컨더리 16호,사모벤처,분배,9
2025-03-22,동해 신재생 12호,인프라,집행,22
2025-03-22,한라 메자닌 25호,사모벤처,집행,25
2025-03-23,한라 메자닌 18호,사모벤처,집행,9
2025-03-26,판교 코어플러스 6호,부동산,분배,6
2025-03-26,오대 스페셜시츄에이션 20호,사모벤처,집행,29
2025-03-27,설악 바이아웃 29호,사모벤처,약정,370
2025-03-27,오대 스페셜시츄에이션 13호,사모벤처,집행,16
2025-04-03,서해 에너지 13호,인프라,집행,11
2025-04-06,영남 교통 18호,인프라,집행,25
2025-04-06,한강 그로스 21호,사모벤처,집행,11
2025-04-07,동해 신재생 8호,인프라,분배,5
2025-04-07,해운대 물류 17호,부동산,집행,8
2025-04-08,남산 오피스 4호,부동산,분배,4
2025-04-09,설악 바이아웃 22호,사모벤처,집행,26
2025-04-10,호남 데이터센터 19호,인프라,집행,8
2025-04-11,백두 벤처 10호,사모벤처,분배,8
2025-04-11,지리 미드캡 26호,사모벤처,집행,31
2025-04-13,한라 메자닌 25호,사모벤처,집행,10
2025-04-15,백두 벤처 17호,사모벤처,분배,23
2025-04-15,서해 에너지 5호,인프라,분배,5
2025-04-15,호남 데이터센터 11호,인프라,분배,5
2025-04-15,태백 세컨더리 23호,사모벤처,집행,44
2025-04-16,해운대 물류 9호,부동산,분배,5
2025-04-19,남산 오피스 12호,부동산,분배,3
2025-04-19,판교 코어플러스 14호,부동산,집행,16
2025-04-20,영남 교통 10호,인프라,분배,3
2025-04-21,오대 스페셜시츄에이션 20호,사모벤처,집행,21
2025-04-21,오대 스페셜시츄에이션 27호,사모벤처,집행,11
2025-04-22,백두 벤처 24호,사모벤처,집행,14
2025-04-23,오대 스페셜시츄에이션 13호,사모벤처,분배,17
2025-04-23,송도 리츠 11호,부동산,집행,5
2025-04-24,설악 바이아웃 1호,사모벤처,분배,7
2025-04-25,영남 교통 6호,인프라,분배,5
2025-04-25,해운대 물류 13호,부동산,집행,6
2025-04-25,호남 데이터센터 15호,인프라,집행,5
2025-04-26,판교 코어플러스 6호,부동산,분배,5
2025-04-26,영남 교통 14호,인프라,집행,10
2025-04-26,한라 메자닌 18호,사모벤처,집행,9
2025-04-27,서해 에너지 1호,인프라,분배,3
2025-04-27,지리 미드캡 19호,사모벤처,집행,5
2025-04-27,태백 세컨더리 16호,사모벤처,집행,6
2025-05-03,서해 에너지 5호,인프라,분배,5
2025-05-03,태백 세컨더리 16호,사모벤처,집행,5
2025-05-03,한라 메자닌 25호,사모벤처,집행,13
2025-05-04,백두 벤처 3호,사모벤처,분배,12
2025-05-04,송도 리츠 15호,부동산,집행,11
2025-05-04,호남 데이터센터 11호,인프라,집행,10
2025-05-04,호남 데이터센터 15호,인프라,집행,6
2025-05-05,서해 에너지 13호,인프라,집행,5
2025-05-07,영남 교통 6호,인프라,분배,6
2025-05-07,태백 세컨더리 23호,사모벤처,집행,11
2025-05-07,판교 코어플러스 18호,부동산,집행,15
2025-05-08,남산 오피스 12호,부동산,분배,3
2025-05-11,송도 리츠 19호,부동산,약정,190
2025-05-11,해운대 물류 17호,부동산,집행,5
2025-05-13,한라 메자닌 11호,사모벤처,분배,14
2025-05-13,한라 메자닌 18호,사모벤처,집행,7
2025-05-15,백두 벤처 24호,사모벤처,집행,18
2025-05-17,동해 신재생 12호,인프라,분배,3
2025-05-17,영남 교통 10호,인프라,집행,11
2025-05-17,한강 그로스 21호,사모벤처,집행,12
2025-05-19,태백 세컨더리 9호,사모벤처,분배,15
2025-05-19,지리 미드캡 19호,사모벤처,집행,6
2025-05-20,호남 데이터센터 11호,인프라,분배,8
2025-05-20,오대 스페셜시츄에이션 20호,사모벤처,집행,9
2025-05-21,영남 교통 10호,인프라,분배,7
2025-05-22,남산 오피스 8호,부동산,분배,5
2025-05-23,설악 바이아웃 8호,사모벤처,분배,17
2025-05-23,지리 미드캡 12호,사모벤처,분배,27
2025-05-24,오대 스페셜시츄에이션 6호,사모벤처,분배,18
2025-05-24,설악 바이아웃 22호,사모벤처,집행,13
2025-05-24,호남 데이터센터 19호,인프라,집행,8
2025-05-25,영남 교통 18호,인프라,집행,10
2025-05-26,오대 스페셜시츄에이션 13호,사모벤처,집행,7
2025-05-26,오대 스페셜시츄에이션 27호,사모벤처,집행,9
2025-05-26,지리 미드캡 26호,사모벤처,집행,11
2025-05-26,한강 그로스 28호,사모벤처,집행,25
2025-05-27,서해 에너지 17호,인프라,집행,22
2025-05-27,한강 그로스 14호,사모벤처,집행,10
2025-06-03,지리 미드캡 5호,사모벤처,분배,7
2025-06-03,태백 세컨더리 9호,사모벤처,분배,27
2025-06-03,해운대 물류 13호,부동산,집행,6
2025-06-04,동해 신재생 12호,인프라,집행,12
2025-06-04,한강 그로스 28호,사모벤처,집행,14
2025-06-05,오대 스페셜시츄에이션 27호,사모벤처,집행,8
2025-06-05,한라 메자닌 25호,사모벤처,집행,13
2025-06-06,송도 리츠 19호,부동산,집행,7
2025-06-07,판교 코어플러스 6호,부동산,분배,3
2025-06-09,지리 미드캡 26호,사모벤처,집행,11
2025-06-11,태백 세컨더리 30호,사모벤처,약정,640
2025-06-11,남산 오피스 16호,부동산,집행,10
2025-06-11,설악 바이아웃 29호,사모벤처,집행,24
2025-06-13,오대 스페셜시츄에이션 6호,사모벤처,분배,31
2025-06-14,해운대 물류 5호,부동산,분배,4
2025-06-14,판교 코어플러스 18호,부동산,집행,9
2025-06-17,설악 바이아웃 22호,사모벤처,집행,15
2025-06-19,한강 그로스 21호,사모벤처,집행,11
2025-06-21,지리 미드캡 19호,사모벤처,분배,11
2025-06-21,동해 신재생 16호,인프라,집행,20
2025-06-21,오대 스페셜시츄에이션 20호,사모벤처,집행,12
2025-06-22,남산 오피스 12호,부동산,분배,4
2025-06-23,동해 신재생 4호,인프라,분배,7
2025-06-23,서해 에너지 1호,인프라,분배,3
2025-06-24,호남 데이터센터 11호,인프라,집행,5
2025-06-26,해운대 물류 13호,부동산,분배,3
2025-06-26,호남 데이터센터 15호,인프라,집행,8
2025-06-27,백두 벤처 3호,사모벤처,분배,14
2025-06-27,한라 메자닌 4호,사모벤처,분배,12
2025-07-03,한라 메자닌 4호,사모벤처,분배,16
2025-07-03,송도 리츠 19호,부동산,집행,10
2025-07-03,오대 스페셜시츄에이션 27호,사모벤처,집행,12
2025-07-04,백두 벤처 17호,사모벤처,분배,16
2025-07-07,판교 코어플러스 18호,부동산,집행,8
2025-07-08,지리 미드캡 26호,사모벤처,집행,14
2025-07-08,호남 데이터센터 11호,인프라,집행,5
2025-07-10,남산 오피스 8호,부동산,분배,5
2025-07-10,설악 바이아웃 15호,사모벤처,집행,13
2025-07-11,지리 미드캡 19호,사모벤처,집행,10
2025-07-12,한강 그로스 28호,사모벤처,집행,10
2025-07-13,동해 신재생 8호,인프라,분배,5
2025-07-13,해운대 물류 13호,부동산,분배,4
2025-07-16,동해 신재생 16호,인프라,집행,6
2025-07-17,설악 바이아웃 8호,사모벤처,분배,8
2025-07-17,한라 메자닌 25호,사모벤처,집행,14
2025-07-18,백두 벤처 17호,사모벤처,집행,40
2025-07-18,오대 스페셜시츄에이션 20호,사모벤처,집행,15
2025-07-19,태백 세컨더리 23호,사모벤처,집행,30
2025-07-20,호남 데이터센터 19호,인프라,집행,24
2025-07-22,서해 에너지 13호,인프라,집행,5
2025-07-22,한라 메자닌 18호,사모벤처,집행,19
2025-07-24,남산 오피스 4호,부동산,분배,3
2025-07-24,서해 에너지 17호,인프라,집행,11
2025-07-25,서해 에너지 5호,인프라,분배,4
2025-07-25,설악 바이아웃 15호,사모벤처,분배,12
2025-07-25,백두 벤처 24호,사모벤처,집행,30
2025-07-25,설악 바이아웃 29호,사모벤처,집행,7
2025-08-03,송도 리츠 15호,부동산,분배,3
2025-08-04,한라 메자닌 25호,사모벤처,집행,11
2025-08-09,설악 바이아웃 8호,사모벤처,분배,22
2025-08-09,서해 에너지 17호,인프라,집행,6
2025-08-09,해운대 물류 17호,부동산,집행,19
2025-08-10,호남 데이터센터 15호,인프라,집행,10
2025-08-12,지리 미드캡 19호,사모벤처,분배,13
2025-08-12,설악 바이아웃 22호,사모벤처,집행,23
2025-08-12,지리 미드캡 19호,사모벤처,집행,7
2025-08-13,백두 벤처 3호,사모벤처,분배,7
2025-08-13,한강 그로스 14호,사모벤처,집행,10
2025-08-14,설악 바이아웃 29호,사모벤처,집행,7
2025-08-15,한강 그로스 7호,사모벤처,분배,27
2025-08-15,서해 에너지 13호,인프라,집행,5
2025-08-15,한강 그로스 28호,사모벤처,집행,12
2025-08-16,동해 신재생 8호,인프라,분배,3
2025-08-17,서해 에너지 1호,인프라,분배,5
2025-08-17,태백 세컨더리 30호,사모벤처,집행,39
2025-08-18,설악 바이아웃 1호,사모벤처,분배,8
2025-08-19,오대 스페셜시츄에이션 27호,사모벤처,집행,12
2025-08-21,해운대 물류 5호,부동산,분배,3
2025-08-22,남산 오피스 12호,부동산,집행,6
2025-08-24,서해 에너지 5호,인프라,분배,4
2025-08-24,오대 스페셜시츄에이션 20호,사모벤처,집행,8
2025-08-24,호남 데이터센터 19호,인프라,집행,13
2025-08-25,송도 리츠 7호,부동산,분배,5
2025-08-25,판교 코어플러스 6호,부동산,분배,4
2025-08-25,동해 신재생 16호,인프라,집행,7
2025-08-26,영남 교통 6호,인프라,분배,4
2025-08-26,한강 그로스 14호,사모벤처,분배,13
2025-08-26,호남 데이터센터 11호,인프라,분배,5
2025-08-26,영남 교통 14호,인프라,집행,15
2025-08-26,태백 세컨더리 16호,사모벤처,집행,9
2025-08-26,한강 그로스 21호,사모벤처,집행,19
2025-08-27,남산 오피스 8호,부동산,분배,3
2025-08-27,송도 리츠 15호,부동산,집행,11
2025-08-27,판교 코어플러스 14호,부동산,집행,15
2025-09-03,판교 코어플러스 18호,부동산,집행,6
2025-09-05,지리 미드캡 5호,사모벤처,분배,15
2025-09-06,태백 세컨더리 16호,사모벤처,분배,13
2025-09-06,해운대 물류 13호,부동산,분배,4
2025-09-06,지리 미드캡 26호,사모벤처,집행,29
2025-09-07,동해 신재생 8호,인프라,분배,6
2025-09-09,남산 오피스 16호,부동산,집행,13
2025-09-09,태백 세컨더리 23호,사모벤처,집행,27
2025-09-10,영남 교통 2호,인프라,분배,5
2025-09-11,오대 스페셜시츄에이션 6호,사모벤처,분배,33
2025-09-11,영남 교통 18호,인프라,집행,26
2025-09-13,호남 데이터센터 15호,인프라,집행,7
2025-09-15,한강 그로스 21호,사모벤처,집행,11
2025-09-16,판교 코어플러스 6호,부동산,분배,5
2025-09-17,지리 미드캡 19호,사모벤처,분배,9
2025-09-17,백두 벤처 24호,사모벤처,집행,28
2025-09-17,송도 리츠 19호,부동산,집행,20
2025-09-17,해운대 물류 17호,부동산,집행,8
2025-09-19,호남 데이터센터 7호,인프라,분배,4
2025-09-22,오대 스페셜시츄에이션 20호,사모벤처,집행,11
2025-09-22,한강 그로스 28호,사모벤처,집행,14
2025-09-23,해운대 물류 1호,부동산,분배,3
2025-09-24,한라 메자닌 25호,사모벤처,집행,13
2025-09-26,남산 오피스 8호,부동산,분배,3
2025-09-27,판교 코어플러스 10호,부동산,분배,3
2025-09-27,동해 신재생 12호,인프라,집행,9
2025-10-03,남산 오피스 20호,부동산,약정,250
2025-10-03,송도 리츠 19호,부동산,집행,7
2025-10-03,해운대 물류 17호,부동산,집행,5
2025-10-05,태백 세컨더리 23호,사모벤처,집행,12
2025-10-06,판교 코어플러스 6호,부동산,분배,3
2025-10-06,태백 세컨더리 30호,사모벤처,집행,33
2025-10-06,판교 코어플러스 18호,부동산,집행,5
2025-10-07,오대 스페셜시츄에이션 27호,사모벤처,집행,26
2025-10-08,영남 교통 2호,인프라,분배,7
2025-10-11,동해 신재생 16호,인프라,집행,14
2025-10-11,한라 메자닌 18호,사모벤처,집행,12
2025-10-13,남산 오피스 16호,부동산,집행,5
2025-10-13,오대 스페셜시츄에이션 20호,사모벤처,집행,10
2025-10-14,한라 메자닌 25호,사모벤처,집행,10
2025-10-14,해운대 물류 13호,부동산,집행,5
2025-10-16,동해 신재생 12호,인프라,분배,4
2025-10-16,서해 에너지 13호,인프라,집행,9
2025-10-18,지리 미드캡 26호,사모벤처,집행,12
2025-10-20,영남 교통 18호,인프라,집행,10
2025-10-20,한강 그로스 21호,사모벤처,집행,14
2025-10-21,지리 미드캡 19호,사모벤처,집행,12
2025-10-22,호남 데이터센터 15호,인프라,집행,7
2025-10-23,설악 바이아웃 15호,사모벤처,분배,12
2025-10-24,설악 바이아웃 22호,사모벤처,집행,28
2025-10-26,호남 데이터센터 19호,인프라,집행,16
2025-10-27,송도 리츠 15호,부동산,집행,5
2025-11-03,오대 스페셜시츄에이션 20호,사모벤처,집행,11
2025-11-03,태백 세컨더리 16호,사모벤처,집행,5
2025-11-04,호남 데이터센터 19호,인프라,집행,11
2025-11-06,영남 교통 2호,인프라,분배,6
2025-11-06,남산 오피스 20호,부동산,집행,14
2025-11-06,서해 에너지 17호,인프라,집행,19
2025-11-07,호남 데이터센터 11호,인프라,분배,7
2025-11-08,송도 리츠 3호,부동산,분배,3
2025-11-08,영남 교통 6호,인프라,분배,3
2025-11-09,남산 오피스 8호,부동산,분배,4
2025-11-10,설악 바이아웃 29호,사모벤처,집행,22
2025-11-11,송도 리츠 7호,부동산,분배,4
2025-11-11,한강 그로스 28호,사모벤처,집행,23
2025-11-13,영남 교통 10호,인프라,분배,6
2025-11-14,한강 그로스 21호,사모벤처,집행,9
2025-11-15,영남 교통 14호,인프라,집행,9
2025-11-17,한강 그로스 7호,사모벤처,분배,14
2025-11-18,지리 미드캡 19호,사모벤처,집행,7
2025-11-18,한라 메자닌 25호,사모벤처,집행,14
2025-11-19,한강 그로스 14호,사모벤처,분배,24
2025-11-19,호남 데이터센터 11호,인프라,집행,19
2025-11-20,남산 오피스 4호,부동산,분배,4
2025-11-23,판교 코어플러스 6호,부동산,분배,6
2025-11-24,해운대 물류 17호,부동산,분배,3
2025-11-25,설악 바이아웃 22호,사모벤처,집행,16
2025-11-25,태백 세컨더리 23호,사모벤처,집행,20
2025-11-25,태백 세컨더리 30호,사모벤처,집행,20
2025-11-26,한라 메자닌 18호,사모벤처,분배,23
2025-11-27,남산 오피스 12호,부동산,분배,4
2025-11-27,지리 미드캡 5호,사모벤처,분배,12
2025-11-27,해운대 물류 5호,부동산,분배,4
2025-12-04,해운대 물류 17호,부동산,집행,11
2025-12-05,해운대 물류 5호,부동산,분배,3
2025-12-07,오대 스페셜시츄에이션 6호,사모벤처,분배,21
2025-12-08,백두 벤처 17호,사모벤처,분배,14
2025-12-12,동해 신재생 16호,인프라,집행,14
2025-12-13,영남 교통 14호,인프라,집행,5
2025-12-13,판교 코어플러스 18호,부동산,집행,10
2025-12-13,한강 그로스 21호,사모벤처,집행,11
2025-12-14,설악 바이아웃 15호,사모벤처,분배,20
2025-12-14,한강 그로스 7호,사모벤처,분배,18
2025-12-15,남산 오피스 20호,부동산,집행,13
2025-12-16,설악 바이아웃 1호,사모벤처,분배,3
2025-12-18,태백 세컨더리 2호,사모벤처,분배,12
2025-12-19,서해 에너지 1호,인프라,분배,4
2025-12-19,서해 에너지 17호,인프라,집행,5
2025-12-20,설악 바이아웃 15호,사모벤처,집행,5
2025-12-21,백두 벤처 10호,사모벤처,분배,4
2025-12-22,남산 오피스 4호,부동산,분배,5
2025-12-24,판교 코어플러스 10호,부동산,분배,3
2025-12-24,한라 메자닌 18호,사모벤처,분배,16
2025-12-25,동해 신재생 12호,인프라,집행,7
2025-12-25,서해 에너지 13호,인프라,집행,8
2025-12-25,오대 스페셜시츄에이션 27호,사모벤처,집행,25
2025-12-25,호남 데이터센터 19호,인프라,집행,11
2025-12-26,태백 세컨더리 30호,사모벤처,집행,15
2025-12-27,지리 미드캡 12호,사모벤처,분배,25
2025-12-27,한라 메자닌 11호,사모벤처,분배,19
2025-12-27,설악 바이아웃 22호,사모벤처,집행,15
2025-12-27,호남 데이터센터 15호,인프라,집행,12
2026-01-03,설악 바이아웃 29호,사모벤처,집행,19
2026-01-04,백두 벤처 17호,사모벤처,분배,18
2026-01-04,판교 코어플러스 6호,부동산,분배,3
2026-01-04,남산 오피스 20호,부동산,집행,13
2026-01-05,동해 신재생 4호,인프라,분배,3
2026-01-05,해운대 물류 17호,부동산,집행,8
2026-01-07,영남 교통 6호,인프라,분배,4
2026-01-07,한강 그로스 14호,사모벤처,분배,26
2026-01-09,서해 에너지 13호,인프라,분배,4
2026-01-09,한강 그로스 7호,사모벤처,분배,22
2026-01-09,호남 데이터센터 3호,인프라,분배,4
2026-01-09,백두 벤처 31호,사모벤처,약정,500
2026-01-10,태백 세컨더리 23호,사모벤처,집행,27
2026-01-11,해운대 물류 13호,부동산,분배,4
2026-01-11,영남 교통 18호,인프라,집행,26
2026-01-11,태백 세컨더리 30호,사모벤처,집행,16
2026-01-12,남산 오피스 16호,부동산,집행,5
2026-01-12,지리 미드캡 26호,사모벤처,집행,35
2026-01-14,송도 리츠 7호,부동산,분배,3
2026-01-14,송도 리츠 19호,부동산,집행,28
2026-01-14,한라 메자닌 25호,사모벤처,집행,23
2026-01-16,동해 신재생 12호,인프라,분배,3
2026-01-16,판교 코어플러스 18호,부동산,집행,5
2026-01-18,영남 교통 2호,인프라,분배,4
2026-01-19,태백 세컨더리 9호,사모벤처,분배,9
2026-01-20,서해 에너지 1호,인프라,분배,3
2026-01-20,영남 교통 10호,인프라,분배,6
2026-01-20,동해 신재생 16호,인프라,집행,5
2026-01-22,남산 오피스 4호,부동산,분배,3
2026-01-22,판교 코어플러스 10호,부동산,분배,3
2026-01-24,백두 벤처 24호,사모벤처,집행,61
2026-01-24,한강 그로스 28호,사모벤처,집행,24
2026-01-25,설악 바이아웃 15호,사모벤처,분배,14
2026-01-27,동해 신재생 20호,인프라,약정,350
2026-02-03,해운대 물류 13호,부동산,분배,4
2026-02-03,송도 리츠 19호,부동산,집행,10
2026-02-04,지리 미드캡 19호,사모벤처,분배,10
2026-02-04,한라 메자닌 18호,사모벤처,분배,27
2026-02-04,한라 메자닌 25호,사모벤처,집행,10
2026-02-05,설악 바이아웃 22호,사모벤처,집행,24
2026-02-05,태백 세컨더리 30호,사모벤처,집행,21
2026-02-06,해운대 물류 17호,부동산,분배,3
2026-02-06,호남 데이터센터 11호,인프라,분배,5
2026-02-06,태백 세컨더리 23호,사모벤처,집행,11
2026-02-06,한라 메자닌 18호,사모벤처,집행,15
2026-02-08,남산 오피스 8호,부동산,분배,3
2026-02-08,판교 코어플러스 14호,부동산,분배,3
2026-02-09,판교 코어플러스 6호,부동산,분배,5
2026-02-09,영남 교통 18호,인프라,집행,10
2026-02-10,호남 데이터센터 15호,인프라,분배,5
2026-02-11,남산 오피스 4호,부동산,분배,5
2026-02-11,동해 신재생 20호,인프라,집행,10
2026-02-11,오대 스페셜시츄에이션 27호,사모벤처,집행,24
2026-02-11,지리 미드캡 19호,사모벤처,집행,10
2026-02-12,서해 에너지 1호,인프라,분배,3
2026-02-12,해운대 물류 1호,부동산,분배,3
2026-02-12,동해 신재생 16호,인프라,집행,7
2026-02-13,송도 리츠 7호,부동산,분배,5
2026-02-13,한강 그로스 21호,사모벤처,집행,20
2026-02-14,영남 교통 2호,인프라,분배,4
2026-02-14,오대 스페셜시츄에이션 13호,사모벤처,분배,12
2026-02-15,동해 신재생 8호,인프라,분배,3
2026-02-17,백두 벤처 17호,사모벤처,분배,26
2026-02-17,영남 교통 10호,인프라,분배,4
2026-02-19,송도 리츠 15호,부동산,집행,7
2026-02-19,지리 미드캡 26호,사모벤처,집행,19
2026-02-19,해운대 물류 17호,부동산,집행,8
2026-02-20,설악 바이아웃 15호,사모벤처,분배,23
2026-02-20,해운대 물류 21호,부동산,약정,100
2026-02-21,해운대 물류 9호,부동산,분배,6
2026-02-22,설악 바이아웃 1호,사모벤처,분배,5
2026-02-23,남산 오피스 20호,부동산,집행,11
2026-02-23,백두 벤처 31호,사모벤처,집행,12
2026-02-25,판교 코어플러스 18호,부동산,집행,6
2026-02-27,서해 에너지 13호,인프라,분배,5
2026-02-27,영남 교통 14호,인프라,분배,4
2026-02-27,설악 바이아웃 29호,사모벤처,집행,11
2026-03-04,한강 그로스 21호,사모벤처,집행,8
2026-03-05,영남 교통 6호,인프라,분배,5
2026-03-05,호남 데이터센터 3호,인프라,분배,3
2026-03-05,남산 오피스 20호,부동산,집행,11
2026-03-06,서해 에너지 17호,인프라,집행,15
2026-03-07,태백 세컨더리 23호,사모벤처,집행,14
2026-03-08,동해 신재생 8호,인프라,분배,5
2026-03-09,남산 오피스 4호,부동산,분배,5
2026-03-09,서해 에너지 5호,인프라,분배,6
2026-03-10,태백 세컨더리 30호,사모벤처,집행,14
2026-03-11,동해 신재생 12호,인프라,분배,6
2026-03-11,태백 세컨더리 16호,사모벤처,분배,15
2026-03-11,해운대 물류 21호,부동산,집행,6
2026-03-12,오대 스페셜시츄에이션 20호,사모벤처,분배,30
2026-03-13,한강 그로스 28호,사모벤처,집행,19
2026-03-15,해운대 물류 13호,부동산,분배,4
2026-03-15,호남 데이터센터 11호,인프라,집행,7
2026-03-16,영남 교통 18호,인프라,집행,6
2026-03-17,설악 바이아웃 29호,사모벤처,집행,8
2026-03-17,해운대 물류 17호,부동산,집행,6
2026-03-19,판교 코어플러스 6호,부동산,분배,6
2026-03-19,한라 메자닌 18호,사모벤처,분배,23
2026-03-19,한라 메자닌 4호,사모벤처,분배,15
2026-03-19,설악 바이아웃 22호,사모벤처,집행,8
2026-03-20,한라 메자닌 32호,사모벤처,약정,460
2026-03-20,동해 신재생 16호,인프라,집행,6
2026-03-20,송도 리츠 19호,부동산,집행,8
2026-03-21,설악 바이아웃 15호,사모벤처,분배,20
2026-03-21,송도 리츠 7호,부동산,분배,4
2026-03-22,동해 신재생 4호,인프라,분배,5
2026-03-22,영남 교통 2호,인프라,분배,6
2026-03-25,백두 벤처 24호,사모벤처,집행,32
2026-03-26,동해 신재생 12호,인프라,집행,9
2026-03-26,오대 스페셜시츄에이션 20호,사모벤처,집행,49
2026-03-27,서해 에너지 13호,인프라,분배,5
2026-03-27,한라 메자닌 11호,사모벤처,분배,16
2026-03-27,호남 데이터센터 15호,인프라,분배,5
2026-04-03,호남 데이터센터 19호,인프라,집행,41
2026-04-05,백두 벤처 10호,사모벤처,분배,10
2026-04-05,해운대 물류 9호,부동산,분배,4
2026-04-05,오대 스페셜시츄에이션 27호,사모벤처,집행,19
2026-04-06,해운대 물류 1호,부동산,분배,3
2026-04-07,판교 코어플러스 14호,부동산,분배,3
2026-04-07,해운대 물류 13호,부동산,분배,4
2026-04-08,한강 그로스 28호,사모벤처,집행,16
2026-04-09,남산 오피스 4호,부동산,분배,5
2026-04-11,해운대 물류 21호,부동산,집행,5
2026-04-13,백두 벤처 24호,사모벤처,집행,13
2026-04-13,설악 바이아웃 22호,사모벤처,집행,10
2026-04-14,지리 미드캡 19호,사모벤처,분배,14
2026-04-15,서해 에너지 13호,인프라,분배,5
2026-04-15,서해 에너지 1호,인프라,분배,3
2026-04-15,송도 리츠 19호,부동산,집행,7
2026-04-15,태백 세컨더리 23호,사모벤처,집행,10
2026-04-16,해운대 물류 5호,부동산,분배,4
2026-04-16,설악 바이아웃 29호,사모벤처,집행,9
2026-04-17,동해 신재생 12호,인프라,분배,3
2026-04-17,호남 데이터센터 15호,인프라,집행,9
2026-04-18,지리 미드캡 33호,사모벤처,약정,320
2026-04-19,한라 메자닌 18호,사모벤처,집행,8
2026-04-20,태백 세컨더리 16호,사모벤처,집행,5
2026-04-21,동해 신재생 4호,인프라,분배,5
2026-04-21,판교 코어플러스 18호,부동산,집행,5
2026-04-22,한라 메자닌 25호,사모벤처,집행,18
2026-04-23,백두 벤처 3호,사모벤처,분배,7
2026-04-23,해운대 물류 17호,부동산,집행,5
2026-04-24,서해 에너지 5호,인프라,분배,6
2026-04-24,호남 데이터센터 11호,인프라,분배,7
2026-04-24,남산 오피스 20호,부동산,집행,8
2026-04-24,동해 신재생 20호,인프라,집행,15
2026-04-24,영남 교통 14호,인프라,집행,12
2026-04-26,서해 에너지 21호,인프라,약정,280
2026-04-27,남산 오피스 12호,부동산,분배,3
2026-04-27,동해 신재생 16호,인프라,집행,5
2026-05-03,영남 교통 10호,인프라,분배,6
2026-05-03,지리 미드캡 19호,사모벤처,집행,8
2026-05-04,백두 벤처 10호,사모벤처,분배,11
2026-05-06,설악 바이아웃 8호,사모벤처,분배,26
2026-05-07,오대 스페셜시츄에이션 34호,사모벤처,약정,540
2026-05-11,호남 데이터센터 15호,인프라,분배,5
2026-05-12,한강 그로스 28호,사모벤처,집행,16
2026-05-14,오대 스페셜시츄에이션 6호,사모벤처,분배,27
2026-05-14,지리 미드캡 33호,사모벤처,집행,8
2026-05-14,호남 데이터센터 19호,인프라,집행,10
2026-05-15,호남 데이터센터 3호,인프라,분배,3
2026-05-17,남산 오피스 8호,부동산,분배,3
2026-05-17,서해 에너지 17호,인프라,집행,13
2026-05-18,남산 오피스 4호,부동산,분배,5
2026-05-18,한강 그로스 14호,사모벤처,분배,16
2026-05-18,한강 그로스 21호,사모벤처,집행,19
2026-05-19,동해 신재생 8호,인프라,분배,3
2026-05-19,태백 세컨더리 16호,사모벤처,분배,18
2026-05-19,한라 메자닌 11호,사모벤처,분배,8
2026-05-19,오대 스페셜시츄에이션 20호,사모벤처,집행,16
2026-05-20,지리 미드캡 19호,사모벤처,분배,18
2026-05-21,설악 바이아웃 22호,사모벤처,집행,9
2026-05-23,남산 오피스 12호,부동산,분배,4
2026-05-23,오대 스페셜시츄에이션 27호,사모벤처,집행,9
2026-05-23,태백 세컨더리 30호,사모벤처,집행,33
2026-05-24,동해 신재생 4호,인프라,분배,6
2026-05-24,영남 교통 2호,인프라,분배,5
2026-05-24,동해 신재생 16호,인프라,집행,5
2026-05-25,송도 리츠 19호,부동산,집행,9
2026-05-25,영남 교통 18호,인프라,집행,16
2026-05-26,백두 벤처 24호,사모벤처,집행,12
2026-05-26,서해 에너지 21호,인프라,집행,9
2026-05-26,지리 미드캡 26호,사모벤처,집행,46
2026-06-03,한라 메자닌 4호,사모벤처,분배,14
2026-06-07,설악 바이아웃 8호,사모벤처,분배,26
2026-06-07,해운대 물류 9호,부동산,분배,5
2026-06-07,영남 교통 18호,인프라,집행,8
2026-06-07,오대 스페셜시츄에이션 34호,사모벤처,집행,17
2026-06-07,호남 데이터센터 19호,인프라,집행,8
2026-06-09,서해 에너지 13호,인프라,분배,5
2026-06-09,서해 에너지 1호,인프라,분배,4
2026-06-09,설악 바이아웃 22호,사모벤처,집행,11
2026-06-09,한라 메자닌 25호,사모벤처,집행,18
2026-06-10,동해 신재생 4호,인프라,분배,4
2026-06-10,지리 미드캡 26호,사모벤처,집행,16
2026-06-10,한강 그로스 21호,사모벤처,집행,8
2026-06-11,백두 벤처 17호,사모벤처,집행,32
2026-06-11,판교 코어플러스 18호,부동산,집행,5
2026-06-12,설악 바이아웃 22호,사모벤처,분배,16
2026-06-13,한라 메자닌 11호,사모벤처,분배,11
2026-06-13,지리 미드캡 33호,사모벤처,집행,6
2026-06-14,송도 리츠 19호,부동산,집행,6
2026-06-14,영남 교통 10호,인프라,집행,8
2026-06-15,지리 미드캡 12호,사모벤처,분배,27
2026-06-16,오대 스페셜시츄에이션 27호,사모벤처,집행,14
2026-06-16,한강 그로스 28호,사모벤처,집행,12
2026-06-19,영남 교통 14호,인프라,분배,5
2026-06-19,호남 데이터센터 15호,인프라,집행,8
2026-06-20,백두 벤처 3호,사모벤처,분배,7
2026-06-20,서해 에너지 17호,인프라,집행,7
2026-06-21,판교 코어플러스 6호,부동산,분배,5
2026-06-21,백두 벤처 24호,사모벤처,집행,9
2026-06-21,해운대 물류 21호,부동산,집행,5
2026-06-22,한강 그로스 7호,사모벤처,분배,31
2026-06-24,태백 세컨더리 23호,사모벤처,집행,25
2026-06-24,호남 데이터센터 11호,인프라,집행,7
2026-06-25,송도 리츠 7호,부동산,분배,5
2026-06-26,호남 데이터센터 11호,인프라,분배,12
2026-06-26,판교 코어플러스 22호,부동산,약정,120
2026-06-26,서해 에너지 21호,인프라,집행,9
2026-06-27,동해 신재생 20호,인프라,집행,17
2026-06-27,서해 에너지 13호,인프라,집행,7
2026-07-06,판교 코어플러스 14호,부동산,집행,7
2026-07-06,한강 그로스 28호,사모벤처,집행,12
2026-07-08,오대 스페셜시츄에이션 6호,사모벤처,분배,33
2026-07-08,판교 코어플러스 6호,부동산,분배,5
2026-07-09,한라 메자닌 4호,사모벤처,분배,7
2026-07-09,해운대 물류 9호,부동산,분배,4
2026-07-09,동해 신재생 20호,인프라,집행,10
2026-07-09,호남 데이터센터 19호,인프라,집행,8
2026-07-10,한라 메자닌 11호,사모벤처,분배,6
2026-07-11,오대 스페셜시츄에이션 13호,사모벤처,분배,16
2026-07-12,동해 신재생 16호,인프라,집행,14
2026-07-12,호남 데이터센터 15호,인프라,집행,5
2026-07-13,지리 미드캡 5호,사모벤처,분배,22
2026-07-13,남산 오피스 20호,부동산,집행,34
2026-07-15,송도 리츠 19호,부동산,집행,5
2026-07-16,태백 세컨더리 30호,사모벤처,집행,34
2026-07-16,한라 메자닌 18호,사모벤처,집행,7
2026-07-17,동해 신재생 4호,인프라,분배,6
2026-07-17,지리 미드캡 26호,사모벤처,집행,18
2026-07-18,영남 교통 10호,인프라,분배,6
2026-07-18,판교 코어플러스 22호,부동산,집행,7
2026-07-20,남산 오피스 4호,부동산,분배,5
2026-07-20,송도 리츠 7호,부동산,분배,4
2026-07-22,오대 스페셜시츄에이션 27호,사모벤처,집행,10
2026-07-23,설악 바이아웃 22호,사모벤처,분배,12
2026-07-23,한라 메자닌 18호,사모벤처,분배,16
2026-07-23,서해 에너지 21호,인프라,집행,7
2026-07-24,설악 바이아웃 1호,사모벤처,분배,4
2026-07-24,송도 리츠 3호,부동산,분배,3
2026-07-24,한라 메자닌 25호,사모벤처,집행,8
2026-07-25,지리 미드캡 33호,사모벤처,집행,8
2026-07-26,백두 벤처 10호,사모벤처,분배,7
2026-07-27,영남 교통 14호,인프라,집행,6
2026-08-05,설악 바이아웃 29호,사모벤처,집행,40
2026-08-06,오대 스페셜시츄에이션 34호,사모벤처,집행,27
2026-08-07,서해 에너지 17호,인프라,집행,11
2026-08-07,호남 데이터센터 19호,인프라,집행,11
2026-08-08,서해 에너지 13호,인프라,분배,3
2026-08-09,한라 메자닌 4호,사모벤처,분배,15
2026-08-09,한강 그로스 28호,사모벤처,집행,10
2026-08-10,한강 그로스 7호,사모벤처,분배,24
2026-08-10,송도 리츠 15호,부동산,집행,6
2026-08-12,판교 코어플러스 6호,부동산,분배,4
2026-08-12,지리 미드캡 33호,사모벤처,집행,10
2026-08-12,태백 세컨더리 23호,사모벤처,집행,23
2026-08-12,한강 그로스 21호,사모벤처,집행,16
2026-08-14,해운대 물류 21호,부동산,집행,10
2026-08-15,서해 에너지 13호,인프라,집행,7
2026-08-16,해운대 물류 9호,부동산,분배,6
2026-08-16,지리 미드캡 26호,사모벤처,집행,18
2026-08-17,태백 세컨더리 16호,사모벤처,분배,13
2026-08-18,송도 리츠 3호,부동산,분배,3
2026-08-18,백두 벤처 24호,사모벤처,집행,18
2026-08-18,한라 메자닌 25호,사모벤처,집행,6
2026-08-19,오대 스페셜시츄에이션 27호,사모벤처,집행,10
2026-08-20,영남 교통 10호,인프라,분배,4
2026-08-20,태백 세컨더리 23호,사모벤처,분배,26
2026-08-20,호남 데이터센터 11호,인프라,분배,5
2026-08-21,지리 미드캡 19호,사모벤처,분배,8
2026-08-25,한강 그로스 14호,사모벤처,분배,11
2026-08-25,백두 벤처 31호,사모벤처,집행,76
2026-08-26,백두 벤처 3호,사모벤처,분배,11
2026-08-26,한강 그로스 21호,사모벤처,분배,21
2026-08-26,동해 신재생 20호,인프라,집행,9
2026-08-27,한라 메자닌 32호,사모벤처,집행,54
2026-09-03,송도 리츠 23호,부동산,약정,130
2026-09-04,설악 바이아웃 22호,사모벤처,집행,32
2026-09-04,지리 미드캡 26호,사모벤처,집행,17
2026-09-05,영남 교통 10호,인프라,분배,4
2026-09-05,영남 교통 6호,인프라,분배,6
2026-09-05,태백 세컨더리 23호,사모벤처,집행,8
2026-09-06,설악 바이아웃 8호,사모벤처,분배,25
2026-09-06,동해 신재생 16호,인프라,집행,10
2026-09-07,태백 세컨더리 16호,사모벤처,분배,16
2026-09-08,한강 그로스 21호,사모벤처,분배,8
2026-09-08,호남 데이터센터 15호,인프라,분배,3
2026-09-09,동해 신재생 4호,인프라,분배,7
2026-09-09,해운대 물류 9호,부동산,분배,5
2026-09-10,해운대 물류 21호,부동산,집행,6
2026-09-11,영남 교통 14호,인프라,집행,6
2026-09-12,영남 교통 14호,인프라,분배,5
2026-09-12,판교 코어플러스 14호,부동산,분배,4
2026-09-12,남산 오피스 20호,부동산,집행,21
2026-09-13,송도 리츠 3호,부동산,분배,3
2026-09-15,호남 데이터센터 19호,인프라,집행,9
2026-09-18,한강 그로스 28호,사모벤처,집행,13
2026-09-19,오대 스페셜시츄에이션 13호,사모벤처,분배,26
2026-09-20,판교 코어플러스 6호,부동산,분배,6
2026-09-20,오대 스페셜시츄에이션 34호,사모벤처,집행,16
2026-09-20,한강 그로스 21호,사모벤처,집행,11
2026-09-21,태백 세컨더리 30호,사모벤처,집행,36
2026-09-21,한라 메자닌 32호,사모벤처,집행,9
